OrderID,OrderDate,ShipDate,ShipMode,CustomerID,CustomerName,CustomerSegment,Country,City,ProductID,ProductName,Category,Sales,Quantity,Discount,Profit
ORD-50001,2023-01-02,2023-01-06,Second Class,C-1050,Nurlan Əliyev,Consumer,Turkey,Izmir,OFF-3001,A4 kağız (5 paçka),Office Supplies,47.43,2,0,16.63
ORD-50001,2023-01-02,2023-01-06,Second Class,C-1050,Nurlan Əliyev,Consumer,Turkey,Izmir,TEC-1004,Lenovo ThinkPad E14,Technology,2265.0,2,0,270.28
ORD-50002,2023-01-03,2023-01-08,Standard Class,C-1113,Levan Usmonova,Consumer,Kazakhstan,Almaty,OFF-3004,Arxiv qovluğu,Office Supplies,41.93,6,0,16.65
ORD-50002,2023-01-03,2023-01-07,Standard Class,C-1113,Levan Usmonova,Consumer,Kazakhstan,Almaty,TEC-1002,Dell 27 Monitor P2723,Technology,1520.68,4,0,269.59
ORD-50003,2023-01-04,2023-01-09,Standard Class,C-1014,Elnur Yılmaz,Consumer,Turkey,Izmir,OFF-3005,Ağ lövhə 120x90,Office Supplies,404.18,5,0,85.58
ORD-50004,2023-01-05,2023-01-07,First Class,C-1037,Levan Beridze,Consumer,Georgia,Tbilisi,FUR-2002,Hündürlüyü tənzimlənən masa,Furniture,540.92,1,0,36.61
ORD-50004,2023-01-05,2023-01-08,First Class,C-1037,Levan Beridze,Consumer,Georgia,Tbilisi,OFF-3002,Gel qələm dəsti,Office Supplies,27.59,3,0,13.05
ORD-50005,2023-01-07,2023-01-13,Standard Class,C-1089,Elif Quliyeva,Corporate,Kazakhstan,Almaty,TEC-1002,Dell 27 Monitor P2723,Technology,796.11,2,0,109.6
ORD-50005,2023-01-07,2023-01-14,Standard Class,C-1089,Elif Quliyeva,Corporate,Kazakhstan,Almaty,TEC-1001,Logitech MX Master 3S,Technology,265.55,2,0,73.03
ORD-50005,2023-01-07,2023-01-13,Standard Class,C-1089,Elif Quliyeva,Corporate,Kazakhstan,Almaty,FUR-2002,Hündürlüyü tənzimlənən masa,Furniture,1604.72,3,0.05,67.44
ORD-50006,2023-01-07,2023-01-10,First Class,C-1107,Aytən Seitkali,Consumer,Azerbaijan,Ganja,TEC-1003,HP LaserJet Pro M404,Technology,996.52,3,0,151.66
ORD-50007,2023-01-07,2023-01-12,Standard Class,C-1021,Can Əliyev,Corporate,Turkey,Ankara,FUR-2002,Hündürlüyü tənzimlənən masa,Furniture,855.78,2,0.2,-166.18
ORD-50008,2023-01-08,2023-01-08,Same Day,C-1118,Kənan Quliyeva,Consumer,Georgia,Batumi,TEC-1003,HP LaserJet Pro M404,Technology,675.16,2,0,103.61
ORD-50009,2023-01-08,2023-01-12,Standard Class,C-1032,Zaur Məmmədli,Corporate,Azerbaijan,Baku,OFF-3003,Stepler və ştapellər,Office Supplies,45.25,3,0,20.14
ORD-50009,2023-01-08,2023-01-13,Standard Class,C-1032,Zaur Məmmədli,Corporate,Azerbaijan,Baku,TEC-1004,Lenovo ThinkPad E14,Technology,5183.19,5,0.1,-260.46
ORD-50010,2023-01-09,2023-01-15,Standard Class,C-1088,Emin Əliyev,Corporate,Turkey,Izmir,TEC-1001,Logitech MX Master 3S,Technology,461.64,4,0.1,69.22
ORD-50010,2023-01-09,2023-01-16,Standard Class,C-1088,Emin Əliyev,Corporate,Turkey,Izmir,FUR-2004,Konfrans masası,Furniture,5361.98,6,0,450.48
ORD-50010,2023-01-09,2023-01-14,Standard Class,C-1088,Emin Əliyev,Corporate,Turkey,Izmir,OFF-3004,Arxiv qovluğu,Office Supplies,35.38,5,0,13.6
ORD-50011,2023-01-10,2023-01-13,Second Class,C-1084,Emin Nurlanov,Consumer,Uzbekistan,Samarkand,OFF-3001,A4 kağız (5 paçka),Office Supplies,47.76,2,0,14.83
ORD-50012,2023-01-10,2023-01-13,Second Class,C-1049,Dilnoza Kapanadze,Consumer,Turkey,Istanbul,TEC-1001,Logitech MX Master 3S,Technology,938.02,8,0.1,134.85
ORD-50013,2023-01-11,2023-01-16,Standard Class,C-1006,Zeynep Həsənli,Consumer,Kazakhstan,Almaty,TEC-1006,Jabra Evolve2 65,Technology,891.15,5,0.2,1.11
ORD-50014,2023-01-12,2023-01-18,Standard Class,C-1040,Kənan Karimov,Consumer,Turkey,Ankara,OFF-3002,Gel qələm dəsti,Office Supplies,35.2,4,0,15.0
ORD-50014,2023-01-12,2023-01-16,Standard Class,C-1040,Kənan Karimov,Consumer,Turkey,Ankara,TEC-1006,Jabra Evolve2 65,Technology,217.95,1,0,54.15
ORD-50015,2023-01-13,2023-01-19,Standard Class,C-1073,Aidos Nurlanov,Corporate,Turkey,Istanbul,TEC-1005,Samsung T7 SSD 1TB,Technology,1196.55,10,0.15,190.4
ORD-50016,2023-01-14,2023-01-20,Standard Class,C-1104,Aidos Abdullayev,Small Business,Turkey,Ankara,FUR-2003,Kitab rəfi 5 bölməli,Furniture,1426.77,9,0,111.61
ORD-50017,2023-01-15,2023-01-22,Standard Class,C-1061,Zeynep Həsənli,Corporate,Turkey,Izmir,TEC-1003,HP LaserJet Pro M404,Technology,1001.06,3,0,134.84
ORD-50018,2023-01-15,2023-01-22,Standard Class,C-1063,Mehmet Kaya,Consumer,Turkey,Istanbul,FUR-2001,Ergonomik ofis kreslosu,Furniture,1434.55,5,0,230.04
ORD-50019,2023-01-16,2023-01-20,Standard Class,C-1049,Dilnoza Kapanadze,Consumer,Turkey,Istanbul,FUR-2002,Hündürlüyü tənzimlənən masa,Furniture,1098.79,2,0,99.31
ORD-50019,2023-01-16,2023-01-23,Standard Class,C-1049,Dilnoza Kapanadze,Consumer,Turkey,Istanbul,TEC-1003,HP LaserJet Pro M404,Technology,1108.85,4,0.15,-63.98
ORD-50020,2023-01-17,2023-01-22,Standard Class,C-1058,Madina Demir,Consumer,Turkey,Ankara,FUR-2004,Konfrans masası,Furniture,1839.04,2,0,175.26
ORD-50020,2023-01-17,2023-01-22,Standard Class,C-1058,Madina Demir,Consumer,Turkey,Ankara,FUR-2002,Hündürlüyü tənzimlənən masa,Furniture,545.8,1,0,43.53
ORD-50021,2023-01-17,2023-01-22,Standard Class,C-1015,Elif Həsənli,Corporate,Azerbaijan,Sumgait,TEC-1005,Samsung T7 SSD 1TB,Technology,540.81,4,0,169.47
ORD-50021,2023-01-17,2023-01-23,Standard Class,C-1015,Elif Həsənli,Corporate,Azerbaijan,Sumgait,OFF-3004,Arxiv qovluğu,Office Supplies,11.83,2,0.15,1.8
ORD-50022,2023-01-21,2023-01-25,Standard Class,C-1078,Madina Məmmədli,Consumer,Turkey,Ankara,TEC-1003,HP LaserJet Pro M404,Technology,1012.34,3,0,212.49
ORD-50022,2023-01-21,2023-01-28,Standard Class,C-1078,Madina Məmmədli,Consumer,Turkey,Ankara,FUR-2002,Hündürlüyü tənzimlənən masa,Furniture,557.36,1,0,22.62
ORD-50023,2023-01-22,2023-01-28,Standard Class,C-1057,Mehman Kapanadze,Consumer,Azerbaijan,Sumgait,FUR-2003,Kitab rəfi 5 bölməli,Furniture,1449.29,9,0,151.72
ORD-50023,2023-01-22,2023-01-28,Standard Class,C-1057,Mehman Kapanadze,Consumer,Azerbaijan,Sumgait,FUR-2003,Kitab rəfi 5 bölməli,Furniture,1399.02,9,0,52.91
ORD-50024,2023-01-22,2023-01-26,Standard Class,C-1025,Zaur Quliyeva,Consumer,Georgia,Batumi,TEC-1004,Lenovo ThinkPad E14,Technology,2302.84,2,0,296.06
ORD-50024,2023-01-22,2023-01-27,Standard Class,C-1025,Zaur Quliyeva,Consumer,Georgia,Batumi,TEC-1005,Samsung T7 SSD 1TB,Technology,972.81,7,0,194.47
ORD-50024,2023-01-22,2023-01-26,Standard Class,C-1025,Zaur Quliyeva,Consumer,Georgia,Batumi,TEC-1001,Logitech MX Master 3S,Technology,335.44,3,0.15,35.74
ORD-50025,2023-01-23,2023-01-30,Standard Class,C-1116,Elif Karimov,Consumer,Azerbaijan,Baku,OFF-3004,Arxiv qovluğu,Office Supplies,38.74,6,0.05,11.23
ORD-50026,2023-01-23,2023-01-25,Second Class,C-1051,Nino Seitkali,Corporate,Kazakhstan,Almaty,OFF-3004,Arxiv qovluğu,Office Supplies,55.08,8,0,19.72
ORD-50027,2023-01-25,2023-02-01,Standard Class,C-1071,Kənan Usmonova,Consumer,Georgia,Batumi,TEC-1003,HP LaserJet Pro M404,Technology,962.69,3,0,122.38
ORD-50028,2023-01-25,2023-02-01,Standard Class,C-1017,Zaur Əliyev,Corporate,Georgia,Tbilisi,TEC-1001,Logitech MX Master 3S,Technology,711.6,7,0.2,18.24
ORD-50029,2023-01-26,2023-01-28,Second Class,C-1043,Sevinc Həsənli,Corporate,Azerbaijan,Ganja,FUR-2004,Konfrans masası,Furniture,1560.88,2,0.15,-173.52
ORD-50030,2023-01-26,2023-01-30,Standard Class,C-1084,Emin Nurlanov,Consumer,Uzbekistan,Samarkand,TEC-1001,Logitech MX Master 3S,Technology,1083.97,9,0.05,232.98
ORD-50030,2023-01-26,2023-01-30,Standard Class,C-1084,Emin Nurlanov,Consumer,Uzbekistan,Samarkand,OFF-3004,Arxiv qovluğu,Office Supplies,28.29,4,0,12.25
ORD-50031,2023-01-26,2023-01-28,Second Class,C-1046,Lalə Nurlanov,Consumer,Azerbaijan,Ganja,TEC-1004,Lenovo ThinkPad E14,Technology,3191.38,3,0.1,55.98
ORD-50032,2023-01-27,2023-01-31,Second Class,C-1064,Can Usmonova,Corporate,Turkey,Izmir,TEC-1002,Dell 27 Monitor P2723,Technology,557.81,2,0.3,-121.83
ORD-50033,2023-01-28,2023-02-01,Second Class,C-1078,Madina Məmmədli,Consumer,Turkey,Ankara,OFF-3001,A4 kağız (5 paçka),Office Supplies,47.24,2,0,16.05
ORD-50034,2023-01-28,2023-01-30,Second Class,C-1085,Lalə Əliyev,Consumer,Azerbaijan,Baku,TEC-1004,Lenovo ThinkPad E14,Technology,2348.99,3,0.3,-678.22
ORD-50035,2023-01-29,2023-01-30,First Class,C-1038,Nino Həsənli,Corporate,Turkey,Izmir,FUR-2001,Ergonomik ofis kreslosu,Furniture,1483.73,5,0,260.7
ORD-50036,2023-01-30,2023-02-06,Standard Class,C-1041,Lalə Seitkali,Corporate,Azerbaijan,Baku,OFF-3002,Gel qələm dəsti,Office Supplies,41.22,5,0.1,12.72
ORD-50036,2023-01-30,2023-02-05,Standard Class,C-1041,Lalə Seitkali,Corporate,Azerbaijan,Baku,TEC-1002,Dell 27 Monitor P2723,Technology,1341.95,4,0.15,30.47
ORD-50037,2023-01-31,2023-02-05,Standard Class,C-1015,Elif Həsənli,Corporate,Azerbaijan,Sumgait,TEC-1005,Samsung T7 SSD 1TB,Technology,790.32,6,0.05,207.79
ORD-50038,2023-02-01,2023-02-06,Standard Class,C-1017,Zaur Əliyev,Corporate,Georgia,Tbilisi,TEC-1006,Jabra Evolve2 65,Technology,623.01,3,0.05,102.65
ORD-50038,2023-02-01,2023-02-07,Standard Class,C-1017,Zaur Əliyev,Corporate,Georgia,Tbilisi,TEC-1001,Logitech MX Master 3S,Technology,638.87,7,0.3,-45.99
ORD-50039,2023-02-02,2023-02-09,Standard Class,C-1041,Lalə Seitkali,Corporate,Azerbaijan,Baku,TEC-1003,HP LaserJet Pro M404,Technology,578.13,2,0.1,-13.52
ORD-50040,2023-02-03,2023-02-05,Second Class,C-1015,Elif Həsənli,Corporate,Azerbaijan,Sumgait,FUR-2001,Ergonomik ofis kreslosu,Furniture,1402.17,7,0.3,-319.6
ORD-50040,2023-02-03,2023-02-06,Second Class,C-1015,Elif Həsənli,Corporate,Azerbaijan,Sumgait,FUR-2004,Konfrans masası,Furniture,1807.92,2,0,149.5
ORD-50041,2023-02-03,2023-02-04,First Class,C-1071,Kənan Usmonova,Consumer,Georgia,Batumi,FUR-2001,Ergonomik ofis kreslosu,Furniture,1748.93,6,0,259.76
ORD-50042,2023-02-04,2023-02-06,First Class,C-1068,Elnur Abdullayev,Consumer,Georgia,Batumi,TEC-1001,Logitech MX Master 3S,Technology,781.78,6,0,234.39
ORD-50043,2023-02-04,2023-02-05,First Class,C-1090,Elnur Məmmədli,Corporate,Georgia,Tbilisi,OFF-3001,A4 kağız (5 paçka),Office Supplies,119.26,7,0.3,-0.85
ORD-50043,2023-02-04,2023-02-06,First Class,C-1090,Elnur Məmmədli,Corporate,Georgia,Tbilisi,TEC-1005,Samsung T7 SSD 1TB,Technology,921.72,7,0.05,228.36
ORD-50044,2023-02-05,2023-02-12,Standard Class,C-1041,Lalə Seitkali,Corporate,Azerbaijan,Baku,TEC-1005,Samsung T7 SSD 1TB,Technology,618.75,5,0.1,109.19
ORD-50044,2023-02-05,2023-02-12,Standard Class,C-1041,Lalə Seitkali,Corporate,Azerbaijan,Baku,OFF-3005,Ağ lövhə 120x90,Office Supplies,278.5,5,0.3,-46.99
ORD-50044,2023-02-05,2023-02-09,Standard Class,C-1041,Lalə Seitkali,Corporate,Azerbaijan,Baku,FUR-2002,Hündürlüyü tənzimlənən masa,Furniture,1616.77,3,0,194.35
ORD-50045,2023-02-06,2023-02-10,Second Class,C-1072,Elnur Demir,Consumer,Turkey,Istanbul,TEC-1001,Logitech MX Master 3S,Technology,778.76,6,0,189.68
ORD-50046,2023-02-06,2023-02-12,Standard Class,C-1032,Zaur Məmmədli,Corporate,Azerbaijan,Baku,TEC-1002,Dell 27 Monitor P2723,Technology,1518.08,4,0.05,179.82
ORD-50046,2023-02-06,2023-02-12,Standard Class,C-1032,Zaur Məmmədli,Corporate,Azerbaijan,Baku,TEC-1005,Samsung T7 SSD 1TB,Technology,616.51,5,0.1,108.2
ORD-50047,2023-02-07,2023-02-11,Standard Class,C-1005,Aruzhan Demir,Corporate,Uzbekistan,Tashkent,TEC-1005,Samsung T7 SSD 1TB,Technology,914.32,8,0.2,49.23
ORD-50047,2023-02-07,2023-02-14,Standard Class,C-1005,Aruzhan Demir,Corporate,Uzbekistan,Tashkent,OFF-3004,Arxiv qovluğu,Office Supplies,27.89,4,0,10.19
ORD-50048,2023-02-07,2023-02-13,Standard Class,C-1073,Aidos Nurlanov,Corporate,Turkey,Istanbul,FUR-2002,Hündürlüyü tənzimlənən masa,Furniture,2023.88,4,0.05,-64.98
ORD-50048,2023-02-07,2023-02-14,Standard Class,C-1073,Aidos Nurlanov,Corporate,Turkey,Istanbul,OFF-3004,Arxiv qovluğu,Office Supplies,44.82,7,0.1,9.98
ORD-50048,2023-02-07,2023-02-14,Standard Class,C-1073,Aidos Nurlanov,Corporate,Turkey,Istanbul,TEC-1005,Samsung T7 SSD 1TB,Technology,111.09,1,0.2,5.18
ORD-50049,2023-02-08,2023-02-12,Standard Class,C-1040,Kənan Karimov,Consumer,Turkey,Ankara,OFF-3002,Gel qələm dəsti,Office Supplies,73.1,8,0,33.71
ORD-50049,2023-02-08,2023-02-13,Standard Class,C-1040,Kənan Karimov,Consumer,Turkey,Ankara,FUR-2002,Hündürlüyü tənzimlənən masa,Furniture,914.46,2,0.15,-54.5
ORD-50049,2023-02-08,2023-02-14,Standard Class,C-1040,Kənan Karimov,Consumer,Turkey,Ankara,TEC-1003,HP LaserJet Pro M404,Technology,662.76,2,0,122.21
ORD-50050,2023-02-09,2023-02-14,Standard Class,C-1043,Sevinc Həsənli,Corporate,Azerbaijan,Ganja,TEC-1003,HP LaserJet Pro M404,Technology,1282.0,4,0,170.57
ORD-50050,2023-02-09,2023-02-13,Standard Class,C-1043,Sevinc Həsənli,Corporate,Azerbaijan,Ganja,TEC-1002,Dell 27 Monitor P2723,Technology,721.84,2,0.05,138.16
ORD-50050,2023-02-09,2023-02-14,Standard Class,C-1043,Sevinc Həsənli,Corporate,Azerbaijan,Ganja,FUR-2001,Ergonomik ofis kreslosu,Furniture,3272.1,12,0.05,346.07
ORD-50051,2023-02-11,2023-02-17,Standard Class,C-1079,Aruzhan Beridze,Corporate,Azerbaijan,Baku,TEC-1003,HP LaserJet Pro M404,Technology,945.19,3,0.05,124.03
ORD-50052,2023-02-12,2023-02-19,Standard Class,C-1113,Levan Usmonova,Consumer,Kazakhstan,Almaty,TEC-1002,Dell 27 Monitor P2723,Technology,801.01,2,0,132.57
ORD-50053,2023-02-13,2023-02-17,Standard Class,C-1052,Zaur Məmmədli,Consumer,Uzbekistan,Tashkent,TEC-1003,HP LaserJet Pro M404,Technology,964.31,3,0,161.13
ORD-50053,2023-02-13,2023-02-18,Standard Class,C-1052,Zaur Məmmədli,Consumer,Uzbekistan,Tashkent,FUR-2002,Hündürlüyü tənzimlənən masa,Furniture,1074.31,2,0,103.57
ORD-50053,2023-02-13,2023-02-17,Standard Class,C-1052,Zaur Məmmədli,Consumer,Uzbekistan,Tashkent,OFF-3004,Arxiv qovluğu,Office Supplies,48.92,7,0,16.25
ORD-50054,2023-02-14,2023-02-20,Standard Class,C-1021,Can Əliyev,Corporate,Turkey,Ankara,FUR-2002,Hündürlüyü tənzimlənən masa,Furniture,378.68,1,0.3,-100.0
ORD-50054,2023-02-14,2023-02-18,Standard Class,C-1021,Can Əliyev,Corporate,Turkey,Ankara,TEC-1005,Samsung T7 SSD 1TB,Technology,1216.2,9,0,381.26
ORD-50054,2023-02-14,2023-02-19,Standard Class,C-1021,Can Əliyev,Corporate,Turkey,Ankara,TEC-1004,Lenovo ThinkPad E14,Technology,4790.38,6,0.3,-887.65
ORD-50055,2023-02-14,2023-02-14,Same Day,C-1030,Kənan Abdullayev,Consumer,Uzbekistan,Tashkent,FUR-2001,Ergonomik ofis kreslosu,Furniture,583.95,2,0,85.53
ORD-50055,2023-02-14,2023-02-14,Same Day,C-1030,Kənan Abdullayev,Consumer,Uzbekistan,Tashkent,TEC-1002,Dell 27 Monitor P2723,Technology,795.58,2,0,124.53
ORD-50055,2023-02-14,2023-02-14,Same Day,C-1030,Kənan Abdullayev,Consumer,Uzbekistan,Tashkent,TEC-1004,Lenovo ThinkPad E14,Technology,4483.07,4,0,657.71
ORD-50056,2023-02-14,2023-02-19,Standard Class,C-1079,Aruzhan Beridze,Corporate,Azerbaijan,Baku,FUR-2002,Hündürlüyü tənzimlənən masa,Furniture,912.83,2,0.15,-76.84
ORD-50056,2023-02-14,2023-02-21,Standard Class,C-1079,Aruzhan Beridze,Corporate,Azerbaijan,Baku,TEC-1006,Jabra Evolve2 65,Technology,1792.28,10,0.2,-14.71
ORD-50057,2023-02-15,2023-02-19,Standard Class,C-1113,Levan Usmonova,Consumer,Kazakhstan,Almaty,TEC-1003,HP LaserJet Pro M404,Technology,641.61,2,0,103.71
ORD-50058,2023-02-15,2023-02-21,Standard Class,C-1038,Nino Həsənli,Corporate,Turkey,Izmir,FUR-2001,Ergonomik ofis kreslosu,Furniture,2216.76,11,0.3,-503.57
ORD-50059,2023-02-16,2023-02-21,Standard Class,C-1030,Kənan Abdullayev,Consumer,Uzbekistan,Tashkent,TEC-1001,Logitech MX Master 3S,Technology,394.61,3,0,122.3
ORD-50060,2023-02-17,2023-02-21,Standard Class,C-1032,Zaur Məmmədli,Corporate,Azerbaijan,Baku,OFF-3002,Gel qələm dəsti,Office Supplies,22.65,3,0.15,6.59
ORD-50061,2023-02-18,2023-02-18,Same Day,C-1017,Zaur Əliyev,Corporate,Georgia,Tbilisi,OFF-3003,Stepler və ştapellər,Office Supplies,30.93,3,0.3,0.29
ORD-50062,2023-02-19,2023-02-23,Standard Class,C-1075,Can Beridze,Consumer,Kazakhstan,Almaty,OFF-3005,Ağ lövhə 120x90,Office Supplies,627.47,8,0,122.89
ORD-50063,2023-02-19,2023-02-23,Standard Class,C-1030,Kənan Abdullayev,Consumer,Uzbekistan,Tashkent,OFF-3003,Stepler və ştapellər,Office Supplies,29.58,2,0,12.07
ORD-50063,2023-02-19,2023-02-24,Standard Class,C-1030,Kənan Abdullayev,Consumer,Uzbekistan,Tashkent,OFF-3001,A4 kağız (5 paçka),Office Supplies,192.76,8,0,76.42
ORD-50063,2023-02-19,2023-02-23,Standard Class,C-1030,Kənan Abdullayev,Consumer,Uzbekistan,Tashkent,TEC-1003,HP LaserJet Pro M404,Technology,655.61,2,0,138.12
ORD-50064,2023-02-21,2023-02-28,Standard Class,C-1078,Madina Məmmədli,Consumer,Turkey,Ankara,OFF-3002,Gel qələm dəsti,Office Supplies,9.1,1,0,4.13
ORD-50065,2023-02-22,2023-02-25,First Class,C-1114,Nino Məmmədli,Consumer,Azerbaijan,Sumgait,OFF-3003,Stepler və ştapellər,Office Supplies,89.59,6,0,33.48
ORD-50066,2023-02-23,2023-02-25,First Class,C-1078,Madina Məmmədli,Consumer,Turkey,Ankara,OFF-3003,Stepler və ştapellər,Office Supplies,103.77,7,0,38.41
ORD-50066,2023-02-23,2023-02-25,First Class,C-1078,Madina Məmmədli,Consumer,Turkey,Ankara,OFF-3001,A4 kağız (5 paçka),Office Supplies,134.09,8,0.3,-4.94
ORD-50067,2023-02-23,2023-02-26,First Class,C-1068,Elnur Abdullayev,Consumer,Georgia,Batumi,OFF-3001,A4 kağız (5 paçka),Office Supplies,122.51,5,0,51.17
ORD-50068,2023-02-24,2023-02-25,First Class,C-1117,Mehmet Məmmədli,Corporate,Georgia,Tbilisi,OFF-3005,Ağ lövhə 120x90,Office Supplies,367.53,5,0.05,69.52
ORD-50068,2023-02-24,2023-02-26,First Class,C-1117,Mehmet Məmmədli,Corporate,Georgia,Tbilisi,TEC-1001,Logitech MX Master 3S,Technology,1509.4,12,0,371.37
ORD-50069,2023-02-25,2023-02-28,Second Class,C-1011,Can Karimov,Consumer,Turkey,Istanbul,TEC-1002,Dell 27 Monitor P2723,Technology,1513.47,4,0,302.02
ORD-50069,2023-02-25,2023-02-27,Second Class,C-1011,Can Karimov,Consumer,Turkey,Istanbul,OFF-3005,Ağ lövhə 120x90,Office Supplies,544.21,7,0,117.21
ORD-50070,2023-02-26,2023-03-04,Standard Class,C-1037,Levan Beridze,Consumer,Georgia,Tbilisi,TEC-1002,Dell 27 Monitor P2723,Technology,1586.2,4,0,247.71
ORD-50070,2023-02-26,2023-03-02,Standard Class,C-1037,Levan Beridze,Consumer,Georgia,Tbilisi,OFF-3004,Arxiv qovluğu,Office Supplies,35.17,5,0,11.91
ORD-50071,2023-02-26,2023-02-28,Second Class,C-1109,Gülnar Beridze,Consumer,Azerbaijan,Sumgait,OFF-3005,Ağ lövhə 120x90,Office Supplies,233.62,3,0,53.21
ORD-50072,2023-02-27,2023-03-01,Second Class,C-1043,Sevinc Həsənli,Corporate,Azerbaijan,Ganja,FUR-2003,Kitab rəfi 5 bölməli,Furniture,1110.71,7,0,49.45
ORD-50073,2023-03-01,2023-03-03,First Class,C-1009,Madina Kaya,Small Business,Kazakhstan,Astana,FUR-2003,Kitab rəfi 5 bölməli,Furniture,433.15,4,0.3,-126.55
ORD-50073,2023-03-01,2023-03-03,First Class,C-1009,Madina Kaya,Small Business,Kazakhstan,Astana,FUR-2002,Hündürlüyü tənzimlənən masa,Furniture,912.94,2,0.15,-49.21
ORD-50074,2023-03-02,2023-03-09,Standard Class,C-1088,Emin Əliyev,Corporate,Turkey,Izmir,OFF-3002,Gel qələm dəsti,Office Supplies,73.14,9,0.1,26.09
ORD-50074,2023-03-02,2023-03-06,Standard Class,C-1088,Emin Əliyev,Corporate,Turkey,Izmir,FUR-2002,Hündürlüyü tənzimlənən masa,Furniture,1428.94,3,0.15,-91.8
ORD-50074,2023-03-02,2023-03-07,Standard Class,C-1088,Emin Əliyev,Corporate,Turkey,Izmir,FUR-2001,Ergonomik ofis kreslosu,Furniture,2663.33,9,0,459.29
ORD-50075,2023-03-02,2023-03-04,First Class,C-1103,Zeynep Abdullayev,Corporate,Kazakhstan,Astana,FUR-2002,Hündürlüyü tənzimlənən masa,Furniture,2907.15,6,0.1,44.5
ORD-50076,2023-03-03,2023-03-07,Standard Class,C-1045,Aytən Əliyev,Consumer,Azerbaijan,Ganja,TEC-1002,Dell 27 Monitor P2723,Technology,1524.89,4,0,267.26
ORD-50076,2023-03-03,2023-03-07,Standard Class,C-1045,Aytən Əliyev,Consumer,Azerbaijan,Ganja,OFF-3001,A4 kağız (5 paçka),Office Supplies,77.29,4,0.2,10.09
ORD-50077,2023-03-03,2023-03-07,Standard Class,C-1087,Zeynep Abdullayev,Consumer,Azerbaijan,Baku,FUR-2003,Kitab rəfi 5 bölməli,Furniture,310.81,2,0,40.8
ORD-50078,2023-03-04,2023-03-10,Standard Class,C-1054,Zaur Əliyev,Corporate,Kazakhstan,Astana,FUR-2003,Kitab rəfi 5 bölməli,Furniture,489.66,3,0,33.29
ORD-50079,2023-03-05,2023-03-08,First Class,C-1028,Elif Nurlanov,Small Business,Turkey,Istanbul,TEC-1004,Lenovo ThinkPad E14,Technology,1108.76,1,0.05,49.93
ORD-50080,2023-03-06,2023-03-06,Same Day,C-1007,Anar Yılmaz,Consumer,Turkey,Ankara,OFF-3004,Arxiv qovluğu,Office Supplies,21.46,3,0,7.76
ORD-50081,2023-03-06,2023-03-13,Standard Class,C-1035,Aruzhan Əliyev,Corporate,Azerbaijan,Ganja,OFF-3002,Gel qələm dəsti,Office Supplies,48.11,6,0.1,17.42
ORD-50081,2023-03-06,2023-03-12,Standard Class,C-1035,Aruzhan Əliyev,Corporate,Azerbaijan,Ganja,FUR-2001,Ergonomik ofis kreslosu,Furniture,2377.81,8,0,465.19
ORD-50081,2023-03-06,2023-03-11,Standard Class,C-1035,Aruzhan Əliyev,Corporate,Azerbaijan,Ganja,FUR-2004,Konfrans masası,Furniture,882.82,1,0,81.22
ORD-50082,2023-03-06,2023-03-09,First Class,C-1104,Aidos Abdullayev,Small Business,Turkey,Ankara,FUR-2002,Hündürlüyü tənzimlənən masa,Furniture,1060.62,2,0.05,39.73
ORD-50083,2023-03-07,2023-03-11,Standard Class,C-1015,Elif Həsənli,Corporate,Azerbaijan,Sumgait,TEC-1001,Logitech MX Master 3S,Technology,994.0,9,0.15,116.01
ORD-50083,2023-03-07,2023-03-13,Standard Class,C-1015,Elif Həsənli,Corporate,Azerbaijan,Sumgait,FUR-2001,Ergonomik ofis kreslosu,Furniture,891.43,3,0,112.16
ORD-50084,2023-03-07,2023-03-14,Standard Class,C-1027,Dilnoza Seitkali,Corporate,Georgia,Batumi,TEC-1006,Jabra Evolve2 65,Technology,1539.98,9,0.2,-14.54
ORD-50084,2023-03-07,2023-03-14,Standard Class,C-1027,Dilnoza Seitkali,Corporate,Georgia,Batumi,TEC-1001,Logitech MX Master 3S,Technology,1049.52,8,0,349.97
ORD-50084,2023-03-07,2023-03-13,Standard Class,C-1027,Dilnoza Seitkali,Corporate,Georgia,Batumi,FUR-2004,Konfrans masası,Furniture,1778.13,2,0,24.82
ORD-50085,2023-03-08,2023-03-15,Standard Class,C-1037,Levan Beridze,Consumer,Georgia,Tbilisi,TEC-1004,Lenovo ThinkPad E14,Technology,1115.75,1,0,104.97
ORD-50085,2023-03-08,2023-03-12,Standard Class,C-1037,Levan Beridze,Consumer,Georgia,Tbilisi,FUR-2004,Konfrans masası,Furniture,2673.74,3,0,169.43
ORD-50086,2023-03-09,2023-03-13,Standard Class,C-1081,Bekzod Əliyev,Consumer,Georgia,Batumi,OFF-3005,Ağ lövhə 120x90,Office Supplies,230.0,3,0,43.89
ORD-50087,2023-03-09,2023-03-12,First Class,C-1072,Elnur Demir,Consumer,Turkey,Istanbul,FUR-2001,Ergonomik ofis kreslosu,Furniture,1797.78,8,0.2,-147.05
ORD-50087,2023-03-09,2023-03-10,First Class,C-1072,Elnur Demir,Consumer,Turkey,Istanbul,FUR-2004,Konfrans masası,Furniture,630.47,1,0.3,-192.46
ORD-50088,2023-03-11,2023-03-16,Standard Class,C-1004,Zaur Quliyeva,Small Business,Turkey,Istanbul,TEC-1006,Jabra Evolve2 65,Technology,1092.3,5,0,299.86
ORD-50089,2023-03-13,2023-03-17,Standard Class,C-1113,Levan Usmonova,Consumer,Kazakhstan,Almaty,FUR-2001,Ergonomik ofis kreslosu,Furniture,294.08,1,0,41.9
ORD-50090,2023-03-13,2023-03-13,Same Day,C-1077,Ruslan Həsənli,Corporate,Azerbaijan,Sumgait,TEC-1003,HP LaserJet Pro M404,Technology,995.19,3,0,141.62
ORD-50090,2023-03-13,2023-03-13,Same Day,C-1077,Ruslan Həsənli,Corporate,Azerbaijan,Sumgait,TEC-1002,Dell 27 Monitor P2723,Technology,1706.32,5,0.1,71.34
ORD-50090,2023-03-13,2023-03-13,Same Day,C-1077,Ruslan Həsənli,Corporate,Azerbaijan,Sumgait,OFF-3005,Ağ lövhə 120x90,Office Supplies,389.91,5,0,80.33
ORD-50091,2023-03-14,2023-03-15,First Class,C-1090,Elnur Məmmədli,Corporate,Georgia,Tbilisi,OFF-3005,Ağ lövhə 120x90,Office Supplies,229.36,3,0.05,24.15
ORD-50092,2023-03-15,2023-03-19,Second Class,C-1065,Aidos Karimov,Consumer,Kazakhstan,Almaty,TEC-1001,Logitech MX Master 3S,Technology,522.94,4,0,131.32
ORD-50092,2023-03-15,2023-03-19,Second Class,C-1065,Aidos Karimov,Consumer,Kazakhstan,Almaty,FUR-2002,Hündürlüyü tənzimlənən masa,Furniture,532.79,1,0,47.46
ORD-50093,2023-03-17,2023-03-21,Standard Class,C-1113,Levan Usmonova,Consumer,Kazakhstan,Almaty,OFF-3001,A4 kağız (5 paçka),Office Supplies,20.41,1,0.15,4.23
ORD-50094,2023-03-17,2023-03-21,Second Class,C-1037,Levan Beridze,Consumer,Georgia,Tbilisi,TEC-1003,HP LaserJet Pro M404,Technology,538.14,2,0.2,-34.7
ORD-50094,2023-03-17,2023-03-20,Second Class,C-1037,Levan Beridze,Consumer,Georgia,Tbilisi,TEC-1001,Logitech MX Master 3S,Technology,659.03,5,0,218.0
ORD-50095,2023-03-19,2023-03-23,Standard Class,C-1063,Mehmet Kaya,Consumer,Turkey,Istanbul,TEC-1001,Logitech MX Master 3S,Technology,636.38,5,0,211.23
ORD-50096,2023-03-21,2023-03-28,Standard Class,C-1041,Lalə Seitkali,Corporate,Azerbaijan,Baku,TEC-1005,Samsung T7 SSD 1TB,Technology,865.73,7,0.1,154.89
ORD-50096,2023-03-21,2023-03-28,Standard Class,C-1041,Lalə Seitkali,Corporate,Azerbaijan,Baku,FUR-2004,Konfrans masası,Furniture,3514.26,5,0.2,-725.85
ORD-50097,2023-03-22,2023-03-29,Standard Class,C-1050,Nurlan Əliyev,Consumer,Turkey,Izmir,TEC-1003,HP LaserJet Pro M404,Technology,321.52,1,0,47.39
ORD-50097,2023-03-22,2023-03-27,Standard Class,C-1050,Nurlan Əliyev,Consumer,Turkey,Izmir,FUR-2001,Ergonomik ofis kreslosu,Furniture,1179.77,4,0,223.51
ORD-50098,2023-03-22,2023-03-26,Standard Class,C-1044,Nurlan Quliyeva,Small Business,Turkey,Istanbul,FUR-2004,Konfrans masası,Furniture,1222.42,2,0.3,-397.16
ORD-50098,2023-03-22,2023-03-27,Standard Class,C-1044,Nurlan Quliyeva,Small Business,Turkey,Istanbul,TEC-1005,Samsung T7 SSD 1TB,Technology,482.16,4,0.15,38.41
ORD-50099,2023-03-24,2023-03-28,Second Class,C-1099,Giorgi Nurlanov,Corporate,Georgia,Tbilisi,TEC-1001,Logitech MX Master 3S,Technology,962.78,8,0.05,209.39
ORD-50099,2023-03-24,2023-03-28,Second Class,C-1099,Giorgi Nurlanov,Corporate,Georgia,Tbilisi,OFF-3001,A4 kağız (5 paçka),Office Supplies,180.0,11,0.3,6.44
ORD-50100,2023-03-24,2023-03-28,Second Class,C-1042,Dilnoza Kapanadze,Small Business,Azerbaijan,Sumgait,OFF-3004,Arxiv qovluğu,Office Supplies,17.67,3,0.15,3.32
ORD-50100,2023-03-24,2023-03-27,Second Class,C-1042,Dilnoza Kapanadze,Small Business,Azerbaijan,Sumgait,FUR-2001,Ergonomik ofis kreslosu,Furniture,2541.97,9,0,445.77
ORD-50101,2023-03-25,2023-03-29,Standard Class,C-1046,Lalə Nurlanov,Consumer,Azerbaijan,Ganja,TEC-1002,Dell 27 Monitor P2723,Technology,1480.83,4,0.05,200.86
ORD-50101,2023-03-25,2023-03-31,Standard Class,C-1046,Lalə Nurlanov,Consumer,Azerbaijan,Ganja,OFF-3002,Gel qələm dəsti,Office Supplies,9.26,1,0,4.46
ORD-50102,2023-03-25,2023-03-26,First Class,C-1011,Can Karimov,Consumer,Turkey,Istanbul,OFF-3002,Gel qələm dəsti,Office Supplies,16.63,2,0.1,5.73
ORD-50103,2023-03-26,2023-03-26,Same Day,C-1017,Zaur Əliyev,Corporate,Georgia,Tbilisi,OFF-3002,Gel qələm dəsti,Office Supplies,105.07,12,0.05,44.19
ORD-50104,2023-03-27,2023-04-02,Standard Class,C-1027,Dilnoza Seitkali,Corporate,Georgia,Batumi,TEC-1003,HP LaserJet Pro M404,Technology,1688.76,5,0,261.11
ORD-50105,2023-03-27,2023-03-30,First Class,C-1097,Elnur Usmonova,Corporate,Azerbaijan,Ganja,OFF-3003,Stepler və ştapellər,Office Supplies,27.76,2,0.1,6.94
ORD-50105,2023-03-27,2023-03-30,First Class,C-1097,Elnur Usmonova,Corporate,Azerbaijan,Ganja,OFF-3003,Stepler və ştapellər,Office Supplies,67.17,5,0.1,16.79
ORD-50106,2023-03-28,2023-04-04,Standard Class,C-1015,Elif Həsənli,Corporate,Azerbaijan,Sumgait,OFF-3001,A4 kağız (5 paçka),Office Supplies,82.71,5,0.3,-3.52
ORD-50107,2023-03-29,2023-04-05,Standard Class,C-1007,Anar Yılmaz,Consumer,Turkey,Ankara,OFF-3003,Stepler və ştapellər,Office Supplies,88.84,6,0,36.11
ORD-50107,2023-03-29,2023-04-03,Standard Class,C-1007,Anar Yılmaz,Consumer,Turkey,Ankara,FUR-2001,Ergonomik ofis kreslosu,Furniture,564.42,2,0,99.22
ORD-50107,2023-03-29,2023-04-03,Standard Class,C-1007,Anar Yılmaz,Consumer,Turkey,Ankara,TEC-1002,Dell 27 Monitor P2723,Technology,1182.79,3,0,251.51
ORD-50108,2023-03-30,2023-04-03,Standard Class,C-1064,Can Usmonova,Corporate,Turkey,Izmir,OFF-3001,A4 kağız (5 paçka),Office Supplies,94.93,4,0,32.12
ORD-50108,2023-03-30,2023-04-03,Standard Class,C-1064,Can Usmonova,Corporate,Turkey,Izmir,TEC-1006,Jabra Evolve2 65,Technology,1294.55,6,0,289.22
ORD-50109,2023-03-31,2023-04-04,Standard Class,C-1027,Dilnoza Seitkali,Corporate,Georgia,Batumi,OFF-3001,A4 kağız (5 paçka),Office Supplies,160.67,7,0.05,44.02
ORD-50110,2023-03-31,2023-04-06,Standard Class,C-1025,Zaur Quliyeva,Consumer,Georgia,Batumi,FUR-2004,Konfrans masası,Furniture,2760.13,3,0,100.79
ORD-50110,2023-03-31,2023-04-06,Standard Class,C-1025,Zaur Quliyeva,Consumer,Georgia,Batumi,OFF-3004,Arxiv qovluğu,Office Supplies,42.98,6,0,15.73
ORD-50111,2023-04-01,2023-04-05,Second Class,C-1066,Zaur Demir,Small Business,Azerbaijan,Baku,TEC-1002,Dell 27 Monitor P2723,Technology,363.06,1,0.05,75.1
ORD-50112,2023-04-01,2023-04-01,Same Day,C-1009,Madina Kaya,Small Business,Kazakhstan,Astana,FUR-2003,Kitab rəfi 5 bölməli,Furniture,686.92,5,0.15,-97.12
ORD-50112,2023-04-01,2023-04-01,Same Day,C-1009,Madina Kaya,Small Business,Kazakhstan,Astana,FUR-2001,Ergonomik ofis kreslosu,Furniture,1358.72,5,0.05,159.51
ORD-50113,2023-04-02,2023-04-05,First Class,C-1042,Dilnoza Kapanadze,Small Business,Azerbaijan,Sumgait,FUR-2003,Kitab rəfi 5 bölməli,Furniture,155.2,1,0,14.18
ORD-50113,2023-04-02,2023-04-04,First Class,C-1042,Dilnoza Kapanadze,Small Business,Azerbaijan,Sumgait,OFF-3001,A4 kağız (5 paçka),Office Supplies,41.36,2,0.15,7.72
ORD-50113,2023-04-02,2023-04-05,First Class,C-1042,Dilnoza Kapanadze,Small Business,Azerbaijan,Sumgait,TEC-1003,HP LaserJet Pro M404,Technology,331.57,1,0,64.68
ORD-50114,2023-04-03,2023-04-03,Same Day,C-1108,Madina Əliyev,Small Business,Azerbaijan,Ganja,FUR-2003,Kitab rəfi 5 bölməli,Furniture,1081.86,7,0,41.25
ORD-50115,2023-04-03,2023-04-10,Standard Class,C-1004,Zaur Quliyeva,Small Business,Turkey,Istanbul,TEC-1002,Dell 27 Monitor P2723,Technology,266.15,1,0.3,-56.2
ORD-50116,2023-04-04,2023-04-11,Standard Class,C-1112,Zeynep Həsənli,Consumer,Uzbekistan,Tashkent,TEC-1005,Samsung T7 SSD 1TB,Technology,557.42,4,0,151.64
ORD-50116,2023-04-04,2023-04-11,Standard Class,C-1112,Zeynep Həsənli,Consumer,Uzbekistan,Tashkent,TEC-1002,Dell 27 Monitor P2723,Technology,760.9,2,0,102.54
ORD-50117,2023-04-05,2023-04-11,Standard Class,C-1085,Lalə Əliyev,Consumer,Azerbaijan,Baku,TEC-1002,Dell 27 Monitor P2723,Technology,1134.32,3,0,213.73
ORD-50117,2023-04-05,2023-04-11,Standard Class,C-1085,Lalə Əliyev,Consumer,Azerbaijan,Baku,TEC-1001,Logitech MX Master 3S,Technology,1133.03,9,0,358.23
ORD-50117,2023-04-05,2023-04-11,Standard Class,C-1085,Lalə Əliyev,Consumer,Azerbaijan,Baku,OFF-3004,Arxiv qovluğu,Office Supplies,28.39,4,0,11.78
ORD-50118,2023-04-05,2023-04-05,Same Day,C-1040,Kənan Karimov,Consumer,Turkey,Ankara,TEC-1004,Lenovo ThinkPad E14,Technology,1976.49,2,0.15,-184.13
ORD-50118,2023-04-05,2023-04-05,Same Day,C-1040,Kənan Karimov,Consumer,Turkey,Ankara,OFF-3004,Arxiv qovluğu,Office Supplies,49.18,7,0,19.68
ORD-50119,2023-04-06,2023-04-11,Standard Class,C-1030,Kənan Abdullayev,Consumer,Uzbekistan,Tashkent,OFF-3004,Arxiv qovluğu,Office Supplies,13.79,2,0,4.78
ORD-50120,2023-04-07,2023-04-11,Second Class,C-1005,Aruzhan Demir,Corporate,Uzbekistan,Tashkent,TEC-1001,Logitech MX Master 3S,Technology,996.36,8,0.05,221.68
ORD-50120,2023-04-07,2023-04-11,Second Class,C-1005,Aruzhan Demir,Corporate,Uzbekistan,Tashkent,FUR-2004,Konfrans masası,Furniture,2452.04,4,0.3,-784.96
ORD-50120,2023-04-07,2023-04-09,Second Class,C-1005,Aruzhan Demir,Corporate,Uzbekistan,Tashkent,OFF-3004,Arxiv qovluğu,Office Supplies,38.25,7,0.2,5.24
ORD-50121,2023-04-07,2023-04-11,Standard Class,C-1008,Elnur Kaya,Consumer,Turkey,Izmir,TEC-1004,Lenovo ThinkPad E14,Technology,1139.59,1,0,134.02
ORD-50122,2023-04-08,2023-04-10,Second Class,C-1028,Elif Nurlanov,Small Business,Turkey,Istanbul,OFF-3004,Arxiv qovluğu,Office Supplies,13.27,2,0.05,4.44
ORD-50122,2023-04-08,2023-04-11,Second Class,C-1028,Elif Nurlanov,Small Business,Turkey,Istanbul,OFF-3005,Ağ lövhə 120x90,Office Supplies,483.4,7,0.1,74.4
ORD-50122,2023-04-08,2023-04-10,Second Class,C-1028,Elif Nurlanov,Small Business,Turkey,Istanbul,OFF-3005,Ağ lövhə 120x90,Office Supplies,590.83,9,0.15,14.52
ORD-50123,2023-04-08,2023-04-14,Standard Class,C-1037,Levan Beridze,Consumer,Georgia,Tbilisi,TEC-1006,Jabra Evolve2 65,Technology,1506.93,7,0,301.59
ORD-50124,2023-04-09,2023-04-11,Second Class,C-1086,Levan Yılmaz,Consumer,Uzbekistan,Tashkent,OFF-3002,Gel qələm dəsti,Office Supplies,45.1,5,0,21.23
ORD-50124,2023-04-09,2023-04-12,Second Class,C-1086,Levan Yılmaz,Consumer,Uzbekistan,Tashkent,OFF-3004,Arxiv qovluğu,Office Supplies,55.18,8,0,23.88
ORD-50125,2023-04-10,2023-04-14,Standard Class,C-1078,Madina Məmmədli,Consumer,Turkey,Ankara,TEC-1001,Logitech MX Master 3S,Technology,130.13,1,0,40.0
ORD-50126,2023-04-11,2023-04-16,Standard Class,C-1017,Zaur Əliyev,Corporate,Georgia,Tbilisi,FUR-2004,Konfrans masası,Furniture,2604.7,3,0.05,13.53
ORD-50126,2023-04-11,2023-04-17,Standard Class,C-1017,Zaur Əliyev,Corporate,Georgia,Tbilisi,TEC-1001,Logitech MX Master 3S,Technology,505.32,4,0,147.03
ORD-50127,2023-04-12,2023-04-16,Standard Class,C-1028,Elif Nurlanov,Small Business,Turkey,Istanbul,FUR-2002,Hündürlüyü tənzimlənən masa,Furniture,1097.81,2,0,100.83
ORD-50127,2023-04-12,2023-04-18,Standard Class,C-1028,Elif Nurlanov,Small Business,Turkey,Istanbul,TEC-1002,Dell 27 Monitor P2723,Technology,348.01,1,0.1,9.99
ORD-50127,2023-04-12,2023-04-18,Standard Class,C-1028,Elif Nurlanov,Small Business,Turkey,Istanbul,FUR-2001,Ergonomik ofis kreslosu,Furniture,468.45,2,0.2,-25.39
ORD-50128,2023-04-12,2023-04-19,Standard Class,C-1058,Madina Demir,Consumer,Turkey,Ankara,FUR-2001,Ergonomik ofis kreslosu,Furniture,281.13,1,0.05,30.34
ORD-50129,2023-04-13,2023-04-16,First Class,C-1009,Madina Kaya,Small Business,Kazakhstan,Astana,OFF-3005,Ağ lövhə 120x90,Office Supplies,592.47,8,0.05,146.86
ORD-50130,2023-04-15,2023-04-22,Standard Class,C-1040,Kənan Karimov,Consumer,Turkey,Ankara,FUR-2004,Konfrans masası,Furniture,3588.81,4,0,349.52
ORD-50130,2023-04-15,2023-04-22,Standard Class,C-1040,Kənan Karimov,Consumer,Turkey,Ankara,TEC-1006,Jabra Evolve2 65,Technology,439.05,2,0,114.11
ORD-50131,2023-04-15,2023-04-21,Standard Class,C-1088,Emin Əliyev,Corporate,Turkey,Izmir,TEC-1004,Lenovo ThinkPad E14,Technology,2938.78,3,0.15,-368.38
ORD-50132,2023-04-16,2023-04-21,Standard Class,C-1063,Mehmet Kaya,Consumer,Turkey,Istanbul,OFF-3005,Ağ lövhə 120x90,Office Supplies,541.52,7,0,138.25
ORD-50132,2023-04-16,2023-04-21,Standard Class,C-1063,Mehmet Kaya,Consumer,Turkey,Istanbul,FUR-2004,Konfrans masası,Furniture,2991.66,4,0.15,-310.49
ORD-50133,2023-04-17,2023-04-20,First Class,C-1021,Can Əliyev,Corporate,Turkey,Ankara,TEC-1004,Lenovo ThinkPad E14,Technology,2035.58,2,0.1,44.11
ORD-50133,2023-04-17,2023-04-19,First Class,C-1021,Can Əliyev,Corporate,Turkey,Ankara,OFF-3002,Gel qələm dəsti,Office Supplies,79.56,10,0.1,25.75
ORD-50134,2023-04-18,2023-04-25,Standard Class,C-1018,Nino Abdullayev,Small Business,Turkey,Izmir,OFF-3004,Arxiv qovluğu,Office Supplies,49.14,7,0,17.67
ORD-50134,2023-04-18,2023-04-22,Standard Class,C-1018,Nino Abdullayev,Small Business,Turkey,Izmir,TEC-1004,Lenovo ThinkPad E14,Technology,1057.81,1,0.1,-46.79
ORD-50135,2023-04-18,2023-04-22,Second Class,C-1066,Zaur Demir,Small Business,Azerbaijan,Baku,TEC-1005,Samsung T7 SSD 1TB,Technology,984.4,7,0,294.47
ORD-50136,2023-04-19,2023-04-23,Standard Class,C-1022,Zaur Quliyeva,Consumer,Turkey,Ankara,FUR-2002,Hündürlüyü tənzimlənən masa,Furniture,1099.01,2,0,93.8
ORD-50137,2023-04-20,2023-04-27,Standard Class,C-1024,Bekzod Demir,Consumer,Uzbekistan,Samarkand,TEC-1005,Samsung T7 SSD 1TB,Technology,140.06,1,0,47.44
ORD-50138,2023-04-20,2023-04-25,Standard Class,C-1085,Lalə Əliyev,Consumer,Azerbaijan,Baku,OFF-3005,Ağ lövhə 120x90,Office Supplies,463.48,6,0,92.08
ORD-50139,2023-04-20,2023-04-26,Standard Class,C-1103,Zeynep Abdullayev,Corporate,Kazakhstan,Astana,OFF-3002,Gel qələm dəsti,Office Supplies,21.3,3,0.2,3.93
ORD-50140,2023-04-22,2023-04-23,First Class,C-1097,Elnur Usmonova,Corporate,Azerbaijan,Ganja,OFF-3005,Ağ lövhə 120x90,Office Supplies,146.11,2,0.05,17.3
ORD-50141,2023-04-23,2023-04-25,Second Class,C-1072,Elnur Demir,Consumer,Turkey,Istanbul,FUR-2003,Kitab rəfi 5 bölməli,Furniture,159.83,1,0,4.35
ORD-50142,2023-04-24,2023-04-24,Same Day,C-1054,Zaur Əliyev,Corporate,Kazakhstan,Astana,TEC-1001,Logitech MX Master 3S,Technology,407.48,4,0.2,3.56
ORD-50142,2023-04-24,2023-04-24,Same Day,C-1054,Zaur Əliyev,Corporate,Kazakhstan,Astana,TEC-1001,Logitech MX Master 3S,Technology,552.98,6,0.3,-30.39
ORD-50142,2023-04-24,2023-04-24,Same Day,C-1054,Zaur Əliyev,Corporate,Kazakhstan,Astana,TEC-1001,Logitech MX Master 3S,Technology,792.85,6,0,194.15
ORD-50143,2023-04-24,2023-04-28,Standard Class,C-1099,Giorgi Nurlanov,Corporate,Georgia,Tbilisi,FUR-2004,Konfrans masası,Furniture,1633.37,2,0.1,-44.96
ORD-50143,2023-04-24,2023-04-28,Standard Class,C-1099,Giorgi Nurlanov,Corporate,Georgia,Tbilisi,FUR-2001,Ergonomik ofis kreslosu,Furniture,2614.86,9,0,500.41
ORD-50143,2023-04-24,2023-04-28,Standard Class,C-1099,Giorgi Nurlanov,Corporate,Georgia,Tbilisi,FUR-2004,Konfrans masası,Furniture,4389.64,5,0,218.97
ORD-50144,2023-04-25,2023-04-29,Standard Class,C-1015,Elif Həsənli,Corporate,Azerbaijan,Sumgait,OFF-3001,A4 kağız (5 paçka),Office Supplies,98.73,4,0,31.78
ORD-50145,2023-04-25,2023-04-27,First Class,C-1054,Zaur Əliyev,Corporate,Kazakhstan,Astana,FUR-2003,Kitab rəfi 5 bölməli,Furniture,1748.86,12,0.1,-72.65
ORD-50146,2023-04-27,2023-04-28,First Class,C-1024,Bekzod Demir,Consumer,Uzbekistan,Samarkand,OFF-3004,Arxiv qovluğu,Office Supplies,28.15,4,0,10.37
ORD-50147,2023-04-28,2023-04-30,Second Class,C-1018,Nino Abdullayev,Small Business,Turkey,Izmir,OFF-3002,Gel qələm dəsti,Office Supplies,14.02,2,0.2,2.58
ORD-50148,2023-04-29,2023-05-06,Standard Class,C-1106,Levan Əliyev,Consumer,Kazakhstan,Almaty,TEC-1006,Jabra Evolve2 65,Technology,1485.26,7,0.05,314.01
ORD-50148,2023-04-29,2023-05-03,Standard Class,C-1106,Levan Əliyev,Consumer,Kazakhstan,Almaty,TEC-1005,Samsung T7 SSD 1TB,Technology,1283.27,9,0,388.89
ORD-50149,2023-04-29,2023-05-03,Second Class,C-1032,Zaur Məmmədli,Corporate,Azerbaijan,Baku,TEC-1006,Jabra Evolve2 65,Technology,859.75,4,0,228.73
ORD-50149,2023-04-29,2023-05-01,Second Class,C-1032,Zaur Məmmədli,Corporate,Azerbaijan,Baku,FUR-2002,Hündürlüyü tənzimlənən masa,Furniture,1358.76,3,0.15,-166.97
ORD-50150,2023-04-30,2023-04-30,Same Day,C-1080,Sevinc Kaya,Consumer,Azerbaijan,Sumgait,FUR-2004,Konfrans masası,Furniture,2697.63,3,0,156.98
ORD-50150,2023-04-30,2023-04-30,Same Day,C-1080,Sevinc Kaya,Consumer,Azerbaijan,Sumgait,TEC-1002,Dell 27 Monitor P2723,Technology,800.21,2,0,113.45
ORD-50151,2023-04-30,2023-05-05,Standard Class,C-1009,Madina Kaya,Small Business,Kazakhstan,Astana,FUR-2003,Kitab rəfi 5 bölməli,Furniture,159.6,1,0,23.37
ORD-50152,2023-05-01,2023-05-05,Standard Class,C-1061,Zeynep Həsənli,Corporate,Turkey,Izmir,FUR-2001,Ergonomik ofis kreslosu,Furniture,1101.31,4,0.05,83.38
ORD-50152,2023-05-01,2023-05-06,Standard Class,C-1061,Zeynep Həsənli,Corporate,Turkey,Izmir,TEC-1002,Dell 27 Monitor P2723,Technology,1852.04,5,0.05,189.65
ORD-50153,2023-05-02,2023-05-07,Standard Class,C-1052,Zaur Məmmədli,Consumer,Uzbekistan,Tashkent,TEC-1006,Jabra Evolve2 65,Technology,645.85,3,0,178.34
ORD-50153,2023-05-02,2023-05-06,Standard Class,C-1052,Zaur Məmmədli,Consumer,Uzbekistan,Tashkent,TEC-1004,Lenovo ThinkPad E14,Technology,1149.22,1,0,65.56
ORD-50154,2023-05-03,2023-05-08,Standard Class,C-1086,Levan Yılmaz,Consumer,Uzbekistan,Tashkent,TEC-1001,Logitech MX Master 3S,Technology,808.96,7,0.1,117.97
ORD-50155,2023-05-04,2023-05-04,Same Day,C-1040,Kənan Karimov,Consumer,Turkey,Ankara,OFF-3001,A4 kağız (5 paçka),Office Supplies,220.18,9,0,79.08
ORD-50155,2023-05-04,2023-05-04,Same Day,C-1040,Kənan Karimov,Consumer,Turkey,Ankara,TEC-1001,Logitech MX Master 3S,Technology,786.89,6,0,247.74
ORD-50156,2023-05-05,2023-05-10,Standard Class,C-1118,Kənan Quliyeva,Consumer,Georgia,Batumi,TEC-1005,Samsung T7 SSD 1TB,Technology,141.58,1,0,53.54
ORD-50156,2023-05-05,2023-05-09,Standard Class,C-1118,Kənan Quliyeva,Consumer,Georgia,Batumi,TEC-1006,Jabra Evolve2 65,Technology,1713.32,8,0,387.9
ORD-50157,2023-05-05,2023-05-12,Standard Class,C-1037,Levan Beridze,Consumer,Georgia,Tbilisi,OFF-3004,Arxiv qovluğu,Office Supplies,7.01,1,0,2.66
ORD-50158,2023-05-06,2023-05-12,Standard Class,C-1030,Kənan Abdullayev,Consumer,Uzbekistan,Tashkent,OFF-3005,Ağ lövhə 120x90,Office Supplies,313.09,4,0,63.92
ORD-50158,2023-05-06,2023-05-10,Standard Class,C-1030,Kənan Abdullayev,Consumer,Uzbekistan,Tashkent,TEC-1006,Jabra Evolve2 65,Technology,626.63,4,0.3,-48.61
ORD-50159,2023-05-06,2023-05-12,Standard Class,C-1039,Aidos Usmonova,Consumer,Azerbaijan,Sumgait,FUR-2001,Ergonomik ofis kreslosu,Furniture,887.11,3,0,97.08
ORD-50159,2023-05-06,2023-05-12,Standard Class,C-1039,Aidos Usmonova,Consumer,Azerbaijan,Sumgait,TEC-1002,Dell 27 Monitor P2723,Technology,789.83,2,0,124.55
ORD-50160,2023-05-06,2023-05-11,Standard Class,C-1030,Kənan Abdullayev,Consumer,Uzbekistan,Tashkent,FUR-2003,Kitab rəfi 5 bölməli,Furniture,323.09,2,0,13.86
ORD-50161,2023-05-08,2023-05-11,Second Class,C-1037,Levan Beridze,Consumer,Georgia,Tbilisi,OFF-3001,A4 kağız (5 paçka),Office Supplies,96.49,4,0,35.01
ORD-50162,2023-05-08,2023-05-15,Standard Class,C-1116,Elif Karimov,Consumer,Azerbaijan,Baku,OFF-3004,Arxiv qovluğu,Office Supplies,35.29,5,0,13.94
ORD-50163,2023-05-10,2023-05-14,Standard Class,C-1016,Zeynep Nurlanov,Consumer,Azerbaijan,Sumgait,FUR-2004,Konfrans masası,Furniture,3538.38,4,0,303.7
ORD-50163,2023-05-10,2023-05-14,Standard Class,C-1016,Zeynep Nurlanov,Consumer,Azerbaijan,Sumgait,FUR-2003,Kitab rəfi 5 bölməli,Furniture,588.04,4,0.1,-55.43
ORD-50164,2023-05-11,2023-05-16,Standard Class,C-1066,Zaur Demir,Small Business,Azerbaijan,Baku,TEC-1002,Dell 27 Monitor P2723,Technology,743.51,2,0.05,78.7
ORD-50164,2023-05-11,2023-05-15,Standard Class,C-1066,Zaur Demir,Small Business,Azerbaijan,Baku,FUR-2003,Kitab rəfi 5 bölməli,Furniture,871.71,6,0.1,-12.48
ORD-50165,2023-05-12,2023-05-15,Second Class,C-1117,Mehmet Məmmədli,Corporate,Georgia,Tbilisi,TEC-1006,Jabra Evolve2 65,Technology,671.69,3,0,165.14
ORD-50165,2023-05-12,2023-05-15,Second Class,C-1117,Mehmet Məmmədli,Corporate,Georgia,Tbilisi,FUR-2003,Kitab rəfi 5 bölməli,Furniture,1359.82,10,0.15,-173.98
ORD-50166,2023-05-13,2023-05-20,Standard Class,C-1088,Emin Əliyev,Corporate,Turkey,Izmir,FUR-2002,Hündürlüyü tənzimlənən masa,Furniture,2043.47,4,0.05,205.44
ORD-50166,2023-05-13,2023-05-18,Standard Class,C-1088,Emin Əliyev,Corporate,Turkey,Izmir,OFF-3001,A4 kağız (5 paçka),Office Supplies,145.6,6,0,40.69
ORD-50167,2023-05-15,2023-05-16,First Class,C-1084,Emin Nurlanov,Consumer,Uzbekistan,Samarkand,OFF-3002,Gel qələm dəsti,Office Supplies,43.76,5,0,19.69
ORD-50167,2023-05-15,2023-05-17,First Class,C-1084,Emin Nurlanov,Consumer,Uzbekistan,Samarkand,TEC-1001,Logitech MX Master 3S,Technology,792.5,6,0,244.99
ORD-50168,2023-05-18,2023-05-21,Second Class,C-1084,Emin Nurlanov,Consumer,Uzbekistan,Samarkand,TEC-1004,Lenovo ThinkPad E14,Technology,3309.04,4,0.3,-915.59
ORD-50168,2023-05-18,2023-05-22,Second Class,C-1084,Emin Nurlanov,Consumer,Uzbekistan,Samarkand,TEC-1005,Samsung T7 SSD 1TB,Technology,139.3,1,0,52.33
ORD-50169,2023-05-18,2023-05-23,Standard Class,C-1046,Lalə Nurlanov,Consumer,Azerbaijan,Ganja,TEC-1002,Dell 27 Monitor P2723,Technology,382.73,1,0,72.68
ORD-50170,2023-05-19,2023-05-21,Second Class,C-1093,Gülnar Demir,Corporate,Georgia,Batumi,FUR-2002,Hündürlüyü tənzimlənən masa,Furniture,3320.25,7,0.15,-112.75
ORD-50170,2023-05-19,2023-05-23,Second Class,C-1093,Gülnar Demir,Corporate,Georgia,Batumi,TEC-1006,Jabra Evolve2 65,Technology,766.62,4,0.15,8.01
ORD-50171,2023-05-19,2023-05-23,Standard Class,C-1009,Madina Kaya,Small Business,Kazakhstan,Astana,TEC-1004,Lenovo ThinkPad E14,Technology,1920.61,2,0.15,-188.42
ORD-50171,2023-05-19,2023-05-23,Standard Class,C-1009,Madina Kaya,Small Business,Kazakhstan,Astana,TEC-1003,HP LaserJet Pro M404,Technology,671.71,2,0,86.06
ORD-50171,2023-05-19,2023-05-26,Standard Class,C-1009,Madina Kaya,Small Business,Kazakhstan,Astana,TEC-1006,Jabra Evolve2 65,Technology,590.86,3,0.1,57.45
ORD-50172,2023-05-20,2023-05-20,Same Day,C-1064,Can Usmonova,Corporate,Turkey,Izmir,OFF-3001,A4 kağız (5 paçka),Office Supplies,97.7,4,0,36.54
ORD-50173,2023-05-21,2023-05-27,Standard Class,C-1106,Levan Əliyev,Consumer,Kazakhstan,Almaty,OFF-3002,Gel qələm dəsti,Office Supplies,7.66,1,0.15,1.98
ORD-50173,2023-05-21,2023-05-25,Standard Class,C-1106,Levan Əliyev,Consumer,Kazakhstan,Almaty,TEC-1004,Lenovo ThinkPad E14,Technology,1128.05,1,0,105.5
ORD-50173,2023-05-21,2023-05-27,Standard Class,C-1106,Levan Əliyev,Consumer,Kazakhstan,Almaty,OFF-3004,Arxiv qovluğu,Office Supplies,51.81,8,0.05,14.62
ORD-50174,2023-05-21,2023-05-25,Second Class,C-1042,Dilnoza Kapanadze,Small Business,Azerbaijan,Sumgait,OFF-3005,Ağ lövhə 120x90,Office Supplies,274.8,4,0.15,10.68
ORD-50175,2023-05-22,2023-05-26,Standard Class,C-1009,Madina Kaya,Small Business,Kazakhstan,Astana,OFF-3003,Stepler və ştapellər,Office Supplies,106.64,7,0,51.25
ORD-50176,2023-05-23,2023-05-27,Standard Class,C-1027,Dilnoza Seitkali,Corporate,Georgia,Batumi,TEC-1004,Lenovo ThinkPad E14,Technology,4510.57,4,0,450.14
ORD-50176,2023-05-23,2023-05-30,Standard Class,C-1027,Dilnoza Seitkali,Corporate,Georgia,Batumi,OFF-3003,Stepler və ştapellər,Office Supplies,60.75,5,0.2,8.93
ORD-50177,2023-05-24,2023-05-26,First Class,C-1024,Bekzod Demir,Consumer,Uzbekistan,Samarkand,FUR-2002,Hündürlüyü tənzimlənən masa,Furniture,553.28,1,0,54.35
ORD-50178,2023-05-27,2023-05-30,Second Class,C-1011,Can Karimov,Consumer,Turkey,Istanbul,OFF-3004,Arxiv qovluğu,Office Supplies,49.57,7,0,19.33
ORD-50178,2023-05-27,2023-05-29,Second Class,C-1011,Can Karimov,Consumer,Turkey,Istanbul,FUR-2003,Kitab rəfi 5 bölməli,Furniture,1239.53,8,0,50.27
ORD-50179,2023-05-28,2023-06-01,Standard Class,C-1104,Aidos Abdullayev,Small Business,Turkey,Ankara,OFF-3003,Stepler və ştapellər,Office Supplies,87.52,6,0,29.54
ORD-50180,2023-05-28,2023-05-31,First Class,C-1001,Bekzod Usmonova,Consumer,Turkey,Izmir,FUR-2003,Kitab rəfi 5 bölməli,Furniture,157.4,1,0,18.38
ORD-50180,2023-05-28,2023-05-30,First Class,C-1001,Bekzod Usmonova,Consumer,Turkey,Izmir,TEC-1003,HP LaserJet Pro M404,Technology,813.86,3,0.15,-40.04
ORD-50181,2023-05-30,2023-06-03,Standard Class,C-1005,Aruzhan Demir,Corporate,Uzbekistan,Tashkent,OFF-3003,Stepler və ştapellər,Office Supplies,60.78,4,0,19.47
ORD-50182,2023-06-01,2023-06-05,Standard Class,C-1078,Madina Məmmədli,Consumer,Turkey,Ankara,FUR-2003,Kitab rəfi 5 bölməli,Furniture,665.07,5,0.15,-70.11
ORD-50183,2023-06-03,2023-06-08,Standard Class,C-1014,Elnur Yılmaz,Consumer,Turkey,Izmir,TEC-1006,Jabra Evolve2 65,Technology,668.14,3,0,159.29
ORD-50183,2023-06-03,2023-06-07,Standard Class,C-1014,Elnur Yılmaz,Consumer,Turkey,Izmir,OFF-3005,Ağ lövhə 120x90,Office Supplies,158.72,2,0,37.29
ORD-50184,2023-06-04,2023-06-07,First Class,C-1072,Elnur Demir,Consumer,Turkey,Istanbul,TEC-1003,HP LaserJet Pro M404,Technology,326.24,1,0,46.25
ORD-50184,2023-06-04,2023-06-07,First Class,C-1072,Elnur Demir,Consumer,Turkey,Istanbul,OFF-3003,Stepler və ştapellər,Office Supplies,15.03,1,0,5.2
ORD-50185,2023-06-04,2023-06-04,Same Day,C-1054,Zaur Əliyev,Corporate,Kazakhstan,Astana,OFF-3005,Ağ lövhə 120x90,Office Supplies,329.36,6,0.3,-67.01
ORD-50186,2023-06-06,2023-06-11,Standard Class,C-1046,Lalə Nurlanov,Consumer,Azerbaijan,Ganja,TEC-1002,Dell 27 Monitor P2723,Technology,787.24,2,0,124.24
ORD-50186,2023-06-06,2023-06-13,Standard Class,C-1046,Lalə Nurlanov,Consumer,Azerbaijan,Ganja,TEC-1002,Dell 27 Monitor P2723,Technology,789.98,2,0,149.04
ORD-50187,2023-06-07,2023-06-12,Standard Class,C-1083,Zaur Quliyeva,Consumer,Turkey,Istanbul,OFF-3004,Arxiv qovluğu,Office Supplies,34.57,5,0,13.6
ORD-50188,2023-06-07,2023-06-08,First Class,C-1086,Levan Yılmaz,Consumer,Uzbekistan,Tashkent,FUR-2003,Kitab rəfi 5 bölməli,Furniture,776.1,5,0,42.4
ORD-50188,2023-06-07,2023-06-09,First Class,C-1086,Levan Yılmaz,Consumer,Uzbekistan,Tashkent,TEC-1003,HP LaserJet Pro M404,Technology,1009.44,3,0,118.33
ORD-50189,2023-06-08,2023-06-15,Standard Class,C-1061,Zeynep Həsənli,Corporate,Turkey,Izmir,TEC-1002,Dell 27 Monitor P2723,Technology,1227.89,4,0.2,-129.31
ORD-50189,2023-06-08,2023-06-12,Standard Class,C-1061,Zeynep Həsənli,Corporate,Turkey,Izmir,TEC-1004,Lenovo ThinkPad E14,Technology,3472.81,3,0,630.24
ORD-50190,2023-06-08,2023-06-13,Standard Class,C-1084,Emin Nurlanov,Consumer,Uzbekistan,Samarkand,FUR-2001,Ergonomik ofis kreslosu,Furniture,2561.77,9,0,381.54
ORD-50191,2023-06-09,2023-06-16,Standard Class,C-1058,Madina Demir,Consumer,Turkey,Ankara,TEC-1002,Dell 27 Monitor P2723,Technology,1524.0,4,0,298.59
ORD-50192,2023-06-10,2023-06-17,Standard Class,C-1047,Levan Yılmaz,Consumer,Turkey,Istanbul,TEC-1001,Logitech MX Master 3S,Technology,1163.24,9,0,384.84
ORD-50192,2023-06-10,2023-06-16,Standard Class,C-1047,Levan Yılmaz,Consumer,Turkey,Istanbul,FUR-2002,Hündürlüyü tənzimlənən masa,Furniture,551.98,1,0,61.78
ORD-50193,2023-06-11,2023-06-12,First Class,C-1036,Dilnoza Nurlanov,Consumer,Turkey,Istanbul,TEC-1004,Lenovo ThinkPad E14,Technology,2084.5,2,0.1,86.16
ORD-50194,2023-06-11,2023-06-11,Same Day,C-1018,Nino Abdullayev,Small Business,Turkey,Izmir,FUR-2004,Konfrans masası,Furniture,893.73,1,0,67.3
ORD-50194,2023-06-11,2023-06-11,Same Day,C-1018,Nino Abdullayev,Small Business,Turkey,Izmir,TEC-1002,Dell 27 Monitor P2723,Technology,389.64,1,0,80.18
ORD-50194,2023-06-11,2023-06-11,Same Day,C-1018,Nino Abdullayev,Small Business,Turkey,Izmir,TEC-1003,HP LaserJet Pro M404,Technology,1328.06,4,0,183.1
ORD-50195,2023-06-12,2023-06-15,First Class,C-1032,Zaur Məmmədli,Corporate,Azerbaijan,Baku,OFF-3004,Arxiv qovluğu,Office Supplies,23.97,4,0.15,5.02
ORD-50195,2023-06-12,2023-06-13,First Class,C-1032,Zaur Məmmədli,Corporate,Azerbaijan,Baku,FUR-2003,Kitab rəfi 5 bölməli,Furniture,1109.63,7,0,64.2
ORD-50195,2023-06-12,2023-06-15,First Class,C-1032,Zaur Məmmədli,Corporate,Azerbaijan,Baku,OFF-3005,Ağ lövhə 120x90,Office Supplies,559.89,9,0.2,23.52
ORD-50196,2023-06-13,2023-06-17,Standard Class,C-1112,Zeynep Həsənli,Consumer,Uzbekistan,Tashkent,FUR-2004,Konfrans masası,Furniture,3495.3,4,0,196.49
ORD-50197,2023-06-13,2023-06-15,Second Class,C-1009,Madina Kaya,Small Business,Kazakhstan,Astana,OFF-3003,Stepler və ştapellər,Office Supplies,48.86,4,0.2,10.53
ORD-50198,2023-06-13,2023-06-13,Same Day,C-1027,Dilnoza Seitkali,Corporate,Georgia,Batumi,TEC-1006,Jabra Evolve2 65,Technology,1734.02,8,0,411.82
ORD-50199,2023-06-14,2023-06-21,Standard Class,C-1088,Emin Əliyev,Corporate,Turkey,Izmir,TEC-1002,Dell 27 Monitor P2723,Technology,2271.8,6,0.05,279.36
ORD-50200,2023-06-14,2023-06-20,Standard Class,C-1047,Levan Yılmaz,Consumer,Turkey,Istanbul,TEC-1005,Samsung T7 SSD 1TB,Technology,830.33,6,0,217.27
ORD-50201,2023-06-15,2023-06-16,First Class,C-1009,Madina Kaya,Small Business,Kazakhstan,Astana,TEC-1004,Lenovo ThinkPad E14,Technology,3777.83,4,0.2,-402.58
ORD-50201,2023-06-15,2023-06-17,First Class,C-1009,Madina Kaya,Small Business,Kazakhstan,Astana,TEC-1001,Logitech MX Master 3S,Technology,436.83,4,0.15,43.16
ORD-50202,2023-06-15,2023-06-22,Standard Class,C-1010,Zaur Karimov,Corporate,Georgia,Tbilisi,OFF-3002,Gel qələm dəsti,Office Supplies,30.37,4,0.15,9.44
ORD-50203,2023-06-16,2023-06-23,Standard Class,C-1098,Gülnar Həsənli,Consumer,Azerbaijan,Ganja,TEC-1003,HP LaserJet Pro M404,Technology,1279.61,4,0,247.21
ORD-50203,2023-06-16,2023-06-23,Standard Class,C-1098,Gülnar Həsənli,Consumer,Azerbaijan,Ganja,FUR-2004,Konfrans masası,Furniture,908.66,1,0,27.79
ORD-50203,2023-06-16,2023-06-22,Standard Class,C-1098,Gülnar Həsənli,Consumer,Azerbaijan,Ganja,TEC-1003,HP LaserJet Pro M404,Technology,603.29,2,0.1,15.71
ORD-50204,2023-06-17,2023-06-22,Standard Class,C-1087,Zeynep Abdullayev,Consumer,Azerbaijan,Baku,FUR-2003,Kitab rəfi 5 bölməli,Furniture,625.28,4,0,45.32
ORD-50204,2023-06-17,2023-06-21,Standard Class,C-1087,Zeynep Abdullayev,Consumer,Azerbaijan,Baku,TEC-1005,Samsung T7 SSD 1TB,Technology,423.26,3,0,109.39
ORD-50205,2023-06-18,2023-06-22,Standard Class,C-1061,Zeynep Həsənli,Corporate,Turkey,Izmir,OFF-3005,Ağ lövhə 120x90,Office Supplies,126.44,2,0.2,-3.3
ORD-50205,2023-06-18,2023-06-23,Standard Class,C-1061,Zeynep Həsənli,Corporate,Turkey,Izmir,TEC-1005,Samsung T7 SSD 1TB,Technology,999.53,8,0.1,207.41
ORD-50206,2023-06-19,2023-06-25,Standard Class,C-1014,Elnur Yılmaz,Consumer,Turkey,Izmir,OFF-3003,Stepler və ştapellər,Office Supplies,14.94,1,0,6.05
ORD-50207,2023-06-20,2023-06-21,First Class,C-1018,Nino Abdullayev,Small Business,Turkey,Izmir,TEC-1006,Jabra Evolve2 65,Technology,387.0,2,0.1,35.18
ORD-50207,2023-06-20,2023-06-21,First Class,C-1018,Nino Abdullayev,Small Business,Turkey,Izmir,TEC-1004,Lenovo ThinkPad E14,Technology,2360.82,2,0,199.01
ORD-50207,2023-06-20,2023-06-21,First Class,C-1018,Nino Abdullayev,Small Business,Turkey,Izmir,OFF-3003,Stepler və ştapellər,Office Supplies,79.89,6,0.1,23.45
ORD-50208,2023-06-22,2023-06-25,Second Class,C-1065,Aidos Karimov,Consumer,Kazakhstan,Almaty,FUR-2002,Hündürlüyü tənzimlənən masa,Furniture,1125.31,2,0,65.08
ORD-50208,2023-06-22,2023-06-26,Second Class,C-1065,Aidos Karimov,Consumer,Kazakhstan,Almaty,FUR-2004,Konfrans masası,Furniture,3621.93,4,0,125.39
ORD-50209,2023-06-24,2023-06-24,Same Day,C-1072,Elnur Demir,Consumer,Turkey,Istanbul,FUR-2003,Kitab rəfi 5 bölməli,Furniture,930.26,6,0,87.39
ORD-50210,2023-06-25,2023-06-26,First Class,C-1113,Levan Usmonova,Consumer,Kazakhstan,Almaty,OFF-3002,Gel qələm dəsti,Office Supplies,54.29,6,0,24.26
ORD-50210,2023-06-25,2023-06-26,First Class,C-1113,Levan Usmonova,Consumer,Kazakhstan,Almaty,FUR-2003,Kitab rəfi 5 bölməli,Furniture,867.33,8,0.3,-277.29
ORD-50210,2023-06-25,2023-06-26,First Class,C-1113,Levan Usmonova,Consumer,Kazakhstan,Almaty,TEC-1004,Lenovo ThinkPad E14,Technology,4681.56,4,0,569.38
ORD-50211,2023-06-26,2023-06-30,Standard Class,C-1040,Kənan Karimov,Consumer,Turkey,Ankara,OFF-3001,A4 kağız (5 paçka),Office Supplies,70.55,3,0,24.71
ORD-50212,2023-06-26,2023-06-26,Same Day,C-1073,Aidos Nurlanov,Corporate,Turkey,Istanbul,TEC-1006,Jabra Evolve2 65,Technology,1440.22,8,0.2,74.16
ORD-50212,2023-06-26,2023-06-26,Same Day,C-1073,Aidos Nurlanov,Corporate,Turkey,Istanbul,TEC-1003,HP LaserJet Pro M404,Technology,812.45,3,0.2,-103.92
ORD-50213,2023-06-27,2023-07-02,Standard Class,C-1027,Dilnoza Seitkali,Corporate,Georgia,Batumi,OFF-3003,Stepler və ştapellər,Office Supplies,116.91,9,0.15,28.68
ORD-50214,2023-06-28,2023-06-30,First Class,C-1074,Aytən Həsənli,Consumer,Turkey,Istanbul,FUR-2002,Hündürlüyü tənzimlənən masa,Furniture,1685.01,3,0,138.27
ORD-50214,2023-06-28,2023-07-01,First Class,C-1074,Aytən Həsənli,Consumer,Turkey,Istanbul,OFF-3002,Gel qələm dəsti,Office Supplies,70.46,8,0,28.04
ORD-50215,2023-06-28,2023-06-30,First Class,C-1061,Zeynep Həsənli,Corporate,Turkey,Izmir,FUR-2002,Hündürlüyü tənzimlənən masa,Furniture,1572.95,4,0.3,-436.74
ORD-50216,2023-06-30,2023-07-01,First Class,C-1053,Madina Karimov,Consumer,Kazakhstan,Almaty,TEC-1004,Lenovo ThinkPad E14,Technology,2250.21,2,0,367.91
ORD-50217,2023-07-01,2023-07-07,Standard Class,C-1018,Nino Abdullayev,Small Business,Turkey,Izmir,FUR-2002,Hündürlüyü tənzimlənən masa,Furniture,1126.11,2,0,117.98
ORD-50218,2023-07-02,2023-07-09,Standard Class,C-1096,Mehman Abdullayev,Consumer,Azerbaijan,Ganja,OFF-3004,Arxiv qovluğu,Office Supplies,17.53,3,0.15,3.49
ORD-50219,2023-07-03,2023-07-09,Standard Class,C-1004,Zaur Quliyeva,Small Business,Turkey,Istanbul,TEC-1006,Jabra Evolve2 65,Technology,438.81,2,0,110.8
ORD-50219,2023-07-03,2023-07-09,Standard Class,C-1004,Zaur Quliyeva,Small Business,Turkey,Istanbul,FUR-2004,Konfrans masası,Furniture,1570.03,2,0.1,-94.02
ORD-50220,2023-07-04,2023-07-08,Standard Class,C-1028,Elif Nurlanov,Small Business,Turkey,Istanbul,TEC-1005,Samsung T7 SSD 1TB,Technology,814.81,6,0,249.14
ORD-50220,2023-07-04,2023-07-10,Standard Class,C-1028,Elif Nurlanov,Small Business,Turkey,Istanbul,FUR-2003,Kitab rəfi 5 bölməli,Furniture,221.99,2,0.3,-75.36
ORD-50221,2023-07-05,2023-07-11,Standard Class,C-1087,Zeynep Abdullayev,Consumer,Azerbaijan,Baku,OFF-3001,A4 kağız (5 paçka),Office Supplies,119.58,5,0,44.96
ORD-50221,2023-07-05,2023-07-09,Standard Class,C-1087,Zeynep Abdullayev,Consumer,Azerbaijan,Baku,OFF-3005,Ağ lövhə 120x90,Office Supplies,272.14,4,0.15,5.56
ORD-50222,2023-07-05,2023-07-07,Second Class,C-1038,Nino Həsənli,Corporate,Turkey,Izmir,OFF-3004,Arxiv qovluğu,Office Supplies,50.41,7,0,20.17
ORD-50223,2023-07-07,2023-07-12,Standard Class,C-1028,Elif Nurlanov,Small Business,Turkey,Istanbul,TEC-1003,HP LaserJet Pro M404,Technology,324.7,1,0,63.51
ORD-50224,2023-07-07,2023-07-11,Standard Class,C-1099,Giorgi Nurlanov,Corporate,Georgia,Tbilisi,FUR-2003,Kitab rəfi 5 bölməli,Furniture,1398.45,9,0,50.33
ORD-50224,2023-07-07,2023-07-14,Standard Class,C-1099,Giorgi Nurlanov,Corporate,Georgia,Tbilisi,TEC-1002,Dell 27 Monitor P2723,Technology,1159.92,3,0,216.26
ORD-50225,2023-07-08,2023-07-15,Standard Class,C-1056,Giorgi Yılmaz,Corporate,Georgia,Batumi,TEC-1003,HP LaserJet Pro M404,Technology,1566.32,5,0.05,142.51
ORD-50226,2023-07-10,2023-07-17,Standard Class,C-1027,Dilnoza Seitkali,Corporate,Georgia,Batumi,OFF-3004,Arxiv qovluğu,Office Supplies,52.71,8,0.05,14.53
ORD-50227,2023-07-11,2023-07-15,Standard Class,C-1024,Bekzod Demir,Consumer,Uzbekistan,Samarkand,TEC-1005,Samsung T7 SSD 1TB,Technology,135.42,1,0,44.47
ORD-50228,2023-07-13,2023-07-20,Standard Class,C-1025,Zaur Quliyeva,Consumer,Georgia,Batumi,FUR-2003,Kitab rəfi 5 bölməli,Furniture,154.4,1,0,9.83
ORD-50228,2023-07-13,2023-07-18,Standard Class,C-1025,Zaur Quliyeva,Consumer,Georgia,Batumi,OFF-3002,Gel qələm dəsti,Office Supplies,82.12,9,0,34.12
ORD-50229,2023-07-14,2023-07-21,Standard Class,C-1099,Giorgi Nurlanov,Corporate,Georgia,Tbilisi,TEC-1003,HP LaserJet Pro M404,Technology,665.42,2,0,83.39
ORD-50230,2023-07-15,2023-07-21,Standard Class,C-1051,Nino Seitkali,Corporate,Kazakhstan,Almaty,TEC-1004,Lenovo ThinkPad E14,Technology,1930.68,2,0.15,-101.29
ORD-50230,2023-07-15,2023-07-21,Standard Class,C-1051,Nino Seitkali,Corporate,Kazakhstan,Almaty,FUR-2002,Hündürlüyü tənzimlənən masa,Furniture,2190.5,4,0,110.78
ORD-50231,2023-07-16,2023-07-20,Standard Class,C-1000,Nino Beridze,Consumer,Georgia,Batumi,TEC-1005,Samsung T7 SSD 1TB,Technology,790.63,8,0.3,-83.56
ORD-50232,2023-07-17,2023-07-24,Standard Class,C-1022,Zaur Quliyeva,Consumer,Turkey,Ankara,TEC-1004,Lenovo ThinkPad E14,Technology,2230.06,2,0,223.74
ORD-50232,2023-07-17,2023-07-24,Standard Class,C-1022,Zaur Quliyeva,Consumer,Turkey,Ankara,FUR-2004,Konfrans masası,Furniture,2971.32,4,0.15,-128.32
ORD-50233,2023-07-17,2023-07-24,Standard Class,C-1014,Elnur Yılmaz,Consumer,Turkey,Izmir,TEC-1006,Jabra Evolve2 65,Technology,1524.75,7,0,388.63
ORD-50234,2023-07-19,2023-07-26,Standard Class,C-1005,Aruzhan Demir,Corporate,Uzbekistan,Tashkent,TEC-1004,Lenovo ThinkPad E14,Technology,2468.43,3,0.3,-642.48
ORD-50235,2023-07-19,2023-07-24,Standard Class,C-1037,Levan Beridze,Consumer,Georgia,Tbilisi,FUR-2004,Konfrans masası,Furniture,890.99,1,0,53.92
ORD-50236,2023-07-20,2023-07-24,Standard Class,C-1115,Zaur Məmmədli,Consumer,Azerbaijan,Baku,FUR-2001,Ergonomik ofis kreslosu,Furniture,1482.09,5,0,255.74
ORD-50236,2023-07-20,2023-07-27,Standard Class,C-1115,Zaur Məmmədli,Consumer,Azerbaijan,Baku,OFF-3003,Stepler və ştapellər,Office Supplies,75.69,5,0,30.13
ORD-50236,2023-07-20,2023-07-25,Standard Class,C-1115,Zaur Məmmədli,Consumer,Azerbaijan,Baku,TEC-1001,Logitech MX Master 3S,Technology,1134.77,9,0,360.42
ORD-50237,2023-07-21,2023-07-24,Second Class,C-1090,Elnur Məmmədli,Corporate,Georgia,Tbilisi,TEC-1006,Jabra Evolve2 65,Technology,1361.94,8,0.2,37.39
ORD-50238,2023-07-22,2023-07-29,Standard Class,C-1051,Nino Seitkali,Corporate,Kazakhstan,Almaty,TEC-1005,Samsung T7 SSD 1TB,Technology,759.96,6,0.1,134.06
ORD-50238,2023-07-22,2023-07-26,Standard Class,C-1051,Nino Seitkali,Corporate,Kazakhstan,Almaty,TEC-1002,Dell 27 Monitor P2723,Technology,331.59,1,0.15,-16.54
ORD-50239,2023-07-23,2023-07-30,Standard Class,C-1017,Zaur Əliyev,Corporate,Georgia,Tbilisi,OFF-3003,Stepler və ştapellər,Office Supplies,117.41,11,0.3,0.9
ORD-50240,2023-07-25,2023-07-25,Same Day,C-1017,Zaur Əliyev,Corporate,Georgia,Tbilisi,FUR-2001,Ergonomik ofis kreslosu,Furniture,1689.2,6,0.05,205.49
ORD-50241,2023-07-26,2023-07-31,Standard Class,C-1117,Mehmet Məmmədli,Corporate,Georgia,Tbilisi,FUR-2004,Konfrans masası,Furniture,807.77,1,0.1,-16.2
ORD-50241,2023-07-26,2023-07-30,Standard Class,C-1117,Mehmet Məmmədli,Corporate,Georgia,Tbilisi,FUR-2001,Ergonomik ofis kreslosu,Furniture,2306.86,9,0.1,31.89
ORD-50242,2023-07-26,2023-08-01,Standard Class,C-1115,Zaur Məmmədli,Consumer,Azerbaijan,Baku,FUR-2003,Kitab rəfi 5 bölməli,Furniture,1441.04,9,0,95.18
ORD-50242,2023-07-26,2023-07-31,Standard Class,C-1115,Zaur Məmmədli,Consumer,Azerbaijan,Baku,TEC-1002,Dell 27 Monitor P2723,Technology,529.6,2,0.3,-90.13
ORD-50243,2023-07-27,2023-07-31,Standard Class,C-1023,Aytən Nurlanov,Corporate,Turkey,Izmir,OFF-3001,A4 kağız (5 paçka),Office Supplies,161.21,8,0.15,32.43
ORD-50243,2023-07-27,2023-08-02,Standard Class,C-1023,Aytən Nurlanov,Corporate,Turkey,Izmir,TEC-1002,Dell 27 Monitor P2723,Technology,1026.36,3,0.1,70.9
ORD-50244,2023-07-27,2023-07-29,First Class,C-1046,Lalə Nurlanov,Consumer,Azerbaijan,Ganja,TEC-1005,Samsung T7 SSD 1TB,Technology,685.56,5,0,214.49
ORD-50244,2023-07-27,2023-07-30,First Class,C-1046,Lalə Nurlanov,Consumer,Azerbaijan,Ganja,TEC-1005,Samsung T7 SSD 1TB,Technology,550.77,4,0,164.61
ORD-50245,2023-07-28,2023-07-29,First Class,C-1046,Lalə Nurlanov,Consumer,Azerbaijan,Ganja,TEC-1002,Dell 27 Monitor P2723,Technology,1566.18,4,0,277.63
ORD-50246,2023-07-31,2023-08-06,Standard Class,C-1080,Sevinc Kaya,Consumer,Azerbaijan,Sumgait,TEC-1006,Jabra Evolve2 65,Technology,1107.38,5,0,260.26
ORD-50247,2023-07-31,2023-08-02,First Class,C-1111,Nurlan Seitkali,Corporate,Azerbaijan,Baku,OFF-3005,Ağ lövhə 120x90,Office Supplies,66.48,1,0.15,4.62
ORD-50248,2023-08-01,2023-08-03,First Class,C-1080,Sevinc Kaya,Consumer,Azerbaijan,Sumgait,OFF-3005,Ağ lövhə 120x90,Office Supplies,480.51,6,0,131.91
ORD-50248,2023-08-01,2023-08-04,First Class,C-1080,Sevinc Kaya,Consumer,Azerbaijan,Sumgait,OFF-3005,Ağ lövhə 120x90,Office Supplies,561.92,7,0,116.75
ORD-50249,2023-08-03,2023-08-03,Same Day,C-1113,Levan Usmonova,Consumer,Kazakhstan,Almaty,TEC-1004,Lenovo ThinkPad E14,Technology,1117.71,1,0,98.35
ORD-50249,2023-08-03,2023-08-03,Same Day,C-1113,Levan Usmonova,Consumer,Kazakhstan,Almaty,OFF-3003,Stepler və ştapellər,Office Supplies,74.49,5,0,29.9
ORD-50249,2023-08-03,2023-08-03,Same Day,C-1113,Levan Usmonova,Consumer,Kazakhstan,Almaty,OFF-3005,Ağ lövhə 120x90,Office Supplies,477.35,7,0.15,-4.68
ORD-50250,2023-08-03,2023-08-06,Second Class,C-1093,Gülnar Demir,Corporate,Georgia,Batumi,FUR-2001,Ergonomik ofis kreslosu,Furniture,3161.02,11,0,351.69
ORD-50250,2023-08-03,2023-08-07,Second Class,C-1093,Gülnar Demir,Corporate,Georgia,Batumi,FUR-2003,Kitab rəfi 5 bölməli,Furniture,774.17,6,0.2,-111.85
ORD-50250,2023-08-03,2023-08-06,Second Class,C-1093,Gülnar Demir,Corporate,Georgia,Batumi,TEC-1005,Samsung T7 SSD 1TB,Technology,1507.03,11,0,531.8
ORD-50251,2023-08-05,2023-08-07,First Class,C-1009,Madina Kaya,Small Business,Kazakhstan,Astana,TEC-1006,Jabra Evolve2 65,Technology,674.67,3,0,185.68
ORD-50251,2023-08-05,2023-08-08,First Class,C-1009,Madina Kaya,Small Business,Kazakhstan,Astana,FUR-2004,Konfrans masası,Furniture,1662.26,2,0.1,-107.26
ORD-50252,2023-08-06,2023-08-12,Standard Class,C-1047,Levan Yılmaz,Consumer,Turkey,Istanbul,OFF-3004,Arxiv qovluğu,Office Supplies,63.32,9,0,23.81
ORD-50253,2023-08-07,2023-08-07,Same Day,C-1084,Emin Nurlanov,Consumer,Uzbekistan,Samarkand,FUR-2003,Kitab rəfi 5 bölməli,Furniture,158.12,1,0,15.78
ORD-50254,2023-08-07,2023-08-13,Standard Class,C-1079,Aruzhan Beridze,Corporate,Azerbaijan,Baku,OFF-3005,Ağ lövhə 120x90,Office Supplies,493.9,7,0.1,59.08
ORD-50254,2023-08-07,2023-08-14,Standard Class,C-1079,Aruzhan Beridze,Corporate,Azerbaijan,Baku,OFF-3005,Ağ lövhə 120x90,Office Supplies,382.37,6,0.2,-19.69
ORD-50254,2023-08-07,2023-08-14,Standard Class,C-1079,Aruzhan Beridze,Corporate,Azerbaijan,Baku,OFF-3001,A4 kağız (5 paçka),Office Supplies,205.59,9,0.05,50.64
ORD-50255,2023-08-08,2023-08-11,Second Class,C-1027,Dilnoza Seitkali,Corporate,Georgia,Batumi,FUR-2003,Kitab rəfi 5 bölməli,Furniture,1451.9,9,0,211.01
ORD-50256,2023-08-09,2023-08-15,Standard Class,C-1068,Elnur Abdullayev,Consumer,Georgia,Batumi,TEC-1006,Jabra Evolve2 65,Technology,888.66,4,0,221.72
ORD-50257,2023-08-10,2023-08-13,First Class,C-1047,Levan Yılmaz,Consumer,Turkey,Istanbul,OFF-3004,Arxiv qovluğu,Office Supplies,28.8,4,0,11.0
ORD-50257,2023-08-10,2023-08-12,First Class,C-1047,Levan Yılmaz,Consumer,Turkey,Istanbul,OFF-3003,Stepler və ştapellər,Office Supplies,76.91,5,0,30.84
ORD-50258,2023-08-10,2023-08-15,Standard Class,C-1027,Dilnoza Seitkali,Corporate,Georgia,Batumi,OFF-3003,Stepler və ştapellər,Office Supplies,104.38,7,0,38.71
ORD-50259,2023-08-11,2023-08-13,Second Class,C-1001,Bekzod Usmonova,Consumer,Turkey,Izmir,OFF-3002,Gel qələm dəsti,Office Supplies,80.17,9,0,33.93
ORD-50259,2023-08-11,2023-08-13,Second Class,C-1001,Bekzod Usmonova,Consumer,Turkey,Izmir,OFF-3002,Gel qələm dəsti,Office Supplies,78.88,9,0,35.47
ORD-50260,2023-08-12,2023-08-18,Standard Class,C-1015,Elif Həsənli,Corporate,Azerbaijan,Sumgait,TEC-1003,HP LaserJet Pro M404,Technology,914.66,4,0.3,-218.79
ORD-50261,2023-08-12,2023-08-15,Second Class,C-1061,Zeynep Həsənli,Corporate,Turkey,Izmir,OFF-3002,Gel qələm dəsti,Office Supplies,82.12,9,0,30.21
ORD-50261,2023-08-12,2023-08-16,Second Class,C-1061,Zeynep Həsənli,Corporate,Turkey,Izmir,OFF-3004,Arxiv qovluğu,Office Supplies,40.74,7,0.15,8.88
ORD-50261,2023-08-12,2023-08-15,Second Class,C-1061,Zeynep Həsənli,Corporate,Turkey,Izmir,FUR-2004,Konfrans masası,Furniture,3013.19,4,0.15,-367.27
ORD-50262,2023-08-13,2023-08-17,Standard Class,C-1078,Madina Məmmədli,Consumer,Turkey,Ankara,TEC-1004,Lenovo ThinkPad E14,Technology,1122.05,1,0,171.13
ORD-50262,2023-08-13,2023-08-18,Standard Class,C-1078,Madina Məmmədli,Consumer,Turkey,Ankara,TEC-1006,Jabra Evolve2 65,Technology,431.42,2,0,118.48
ORD-50263,2023-08-14,2023-08-14,Same Day,C-1077,Ruslan Həsənli,Corporate,Azerbaijan,Sumgait,FUR-2003,Kitab rəfi 5 bölməli,Furniture,523.69,4,0.2,-66.36
ORD-50263,2023-08-14,2023-08-14,Same Day,C-1077,Ruslan Həsənli,Corporate,Azerbaijan,Sumgait,OFF-3003,Stepler və ştapellər,Office Supplies,120.94,10,0.2,17.52
ORD-50263,2023-08-14,2023-08-14,Same Day,C-1077,Ruslan Həsənli,Corporate,Azerbaijan,Sumgait,OFF-3003,Stepler və ştapellər,Office Supplies,55.4,4,0.1,17.32
ORD-50264,2023-08-15,2023-08-21,Standard Class,C-1099,Giorgi Nurlanov,Corporate,Georgia,Tbilisi,TEC-1003,HP LaserJet Pro M404,Technology,1819.99,7,0.2,-75.43
ORD-50265,2023-08-16,2023-08-17,First Class,C-1085,Lalə Əliyev,Consumer,Azerbaijan,Baku,TEC-1001,Logitech MX Master 3S,Technology,380.1,3,0,117.53
ORD-50266,2023-08-17,2023-08-22,Standard Class,C-1085,Lalə Əliyev,Consumer,Azerbaijan,Baku,OFF-3005,Ağ lövhə 120x90,Office Supplies,445.12,7,0.2,-14.94
ORD-50267,2023-08-18,2023-08-24,Standard Class,C-1104,Aidos Abdullayev,Small Business,Turkey,Ankara,OFF-3003,Stepler və ştapellər,Office Supplies,106.84,7,0,40.84
ORD-50267,2023-08-18,2023-08-25,Standard Class,C-1104,Aidos Abdullayev,Small Business,Turkey,Ankara,FUR-2003,Kitab rəfi 5 bölməli,Furniture,563.67,5,0.3,-133.18
ORD-50268,2023-08-18,2023-08-19,First Class,C-1018,Nino Abdullayev,Small Business,Turkey,Izmir,OFF-3005,Ağ lövhə 120x90,Office Supplies,157.35,2,0,45.97
ORD-50268,2023-08-18,2023-08-20,First Class,C-1018,Nino Abdullayev,Small Business,Turkey,Izmir,TEC-1005,Samsung T7 SSD 1TB,Technology,694.59,5,0,201.32
ORD-50269,2023-08-19,2023-08-26,Standard Class,C-1017,Zaur Əliyev,Corporate,Georgia,Tbilisi,FUR-2002,Hündürlüyü tənzimlənən masa,Furniture,1513.11,4,0.3,-326.81
ORD-50269,2023-08-19,2023-08-23,Standard Class,C-1017,Zaur Əliyev,Corporate,Georgia,Tbilisi,TEC-1003,HP LaserJet Pro M404,Technology,1682.3,5,0,275.36
ORD-50269,2023-08-19,2023-08-25,Standard Class,C-1017,Zaur Əliyev,Corporate,Georgia,Tbilisi,TEC-1001,Logitech MX Master 3S,Technology,1060.68,8,0,324.1
ORD-50270,2023-08-20,2023-08-26,Standard Class,C-1116,Elif Karimov,Consumer,Azerbaijan,Baku,OFF-3005,Ağ lövhə 120x90,Office Supplies,691.78,9,0,131.38
ORD-50271,2023-08-21,2023-08-21,Same Day,C-1074,Aytən Həsənli,Consumer,Turkey,Istanbul,OFF-3005,Ağ lövhə 120x90,Office Supplies,62.09,1,0.2,0.67
ORD-50271,2023-08-21,2023-08-21,Same Day,C-1074,Aytən Həsənli,Consumer,Turkey,Istanbul,OFF-3002,Gel qələm dəsti,Office Supplies,27.51,3,0,12.59
ORD-50271,2023-08-21,2023-08-21,Same Day,C-1074,Aytən Həsənli,Consumer,Turkey,Istanbul,OFF-3003,Stepler və ştapellər,Office Supplies,72.87,5,0,33.95
ORD-50272,2023-08-21,2023-08-28,Standard Class,C-1037,Levan Beridze,Consumer,Georgia,Tbilisi,FUR-2003,Kitab rəfi 5 bölməli,Furniture,897.87,6,0.05,57.4
ORD-50272,2023-08-21,2023-08-27,Standard Class,C-1037,Levan Beridze,Consumer,Georgia,Tbilisi,TEC-1004,Lenovo ThinkPad E14,Technology,3409.66,3,0,405.48
ORD-50273,2023-08-22,2023-08-24,First Class,C-1097,Elnur Usmonova,Corporate,Azerbaijan,Ganja,OFF-3002,Gel qələm dəsti,Office Supplies,77.86,9,0.05,30.66
ORD-50273,2023-08-22,2023-08-25,First Class,C-1097,Elnur Usmonova,Corporate,Azerbaijan,Ganja,FUR-2002,Hündürlüyü tənzimlənən masa,Furniture,2188.38,4,0,232.5
ORD-50273,2023-08-22,2023-08-23,First Class,C-1097,Elnur Usmonova,Corporate,Azerbaijan,Ganja,FUR-2004,Konfrans masası,Furniture,4222.57,6,0.2,-585.25
ORD-50274,2023-08-22,2023-08-23,First Class,C-1064,Can Usmonova,Corporate,Turkey,Izmir,OFF-3003,Stepler və ştapellər,Office Supplies,75.45,7,0.3,0.92
ORD-50274,2023-08-22,2023-08-23,First Class,C-1064,Can Usmonova,Corporate,Turkey,Izmir,FUR-2001,Ergonomik ofis kreslosu,Furniture,2149.18,9,0.15,-74.95
ORD-50275,2023-08-23,2023-08-29,Standard Class,C-1004,Zaur Quliyeva,Small Business,Turkey,Istanbul,TEC-1004,Lenovo ThinkPad E14,Technology,3124.33,3,0.1,-30.89
ORD-50276,2023-08-24,2023-08-31,Standard Class,C-1094,Levan Abdullayev,Corporate,Azerbaijan,Sumgait,TEC-1004,Lenovo ThinkPad E14,Technology,6858.89,6,0,1012.3
ORD-50276,2023-08-24,2023-08-30,Standard Class,C-1094,Levan Abdullayev,Corporate,Azerbaijan,Sumgait,TEC-1006,Jabra Evolve2 65,Technology,1385.85,8,0.2,74.22
ORD-50276,2023-08-24,2023-08-31,Standard Class,C-1094,Levan Abdullayev,Corporate,Azerbaijan,Sumgait,OFF-3002,Gel qələm dəsti,Office Supplies,71.41,9,0.1,24.92
ORD-50277,2023-08-25,2023-08-27,Second Class,C-1017,Zaur Əliyev,Corporate,Georgia,Tbilisi,OFF-3003,Stepler və ştapellər,Office Supplies,70.54,6,0.2,7.94
ORD-50277,2023-08-25,2023-08-28,Second Class,C-1017,Zaur Əliyev,Corporate,Georgia,Tbilisi,TEC-1002,Dell 27 Monitor P2723,Technology,1393.18,5,0.3,-248.69
ORD-50278,2023-08-25,2023-08-27,Second Class,C-1113,Levan Usmonova,Consumer,Kazakhstan,Almaty,TEC-1006,Jabra Evolve2 65,Technology,435.64,2,0,123.27
ORD-50279,2023-08-26,2023-08-28,First Class,C-1076,Mehmet Məmmədli,Small Business,Azerbaijan,Ganja,TEC-1004,Lenovo ThinkPad E14,Technology,3271.89,3,0.05,109.13
ORD-50279,2023-08-26,2023-08-28,First Class,C-1076,Mehmet Məmmədli,Small Business,Azerbaijan,Ganja,TEC-1003,HP LaserJet Pro M404,Technology,992.37,3,0,166.62
ORD-50280,2023-08-26,2023-08-26,Same Day,C-1013,Nurlan Karimov,Consumer,Uzbekistan,Samarkand,TEC-1004,Lenovo ThinkPad E14,Technology,3397.79,3,0,484.35
ORD-50281,2023-08-27,2023-09-01,Standard Class,C-1013,Nurlan Karimov,Consumer,Uzbekistan,Samarkand,TEC-1001,Logitech MX Master 3S,Technology,109.09,1,0.15,10.21
ORD-50282,2023-08-27,2023-09-03,Standard Class,C-1040,Kənan Karimov,Consumer,Turkey,Ankara,FUR-2003,Kitab rəfi 5 bölməli,Furniture,1102.83,7,0,137.43
ORD-50282,2023-08-27,2023-09-01,Standard Class,C-1040,Kənan Karimov,Consumer,Turkey,Ankara,FUR-2002,Hündürlüyü tənzimlənən masa,Furniture,1162.67,3,0.3,-305.98
ORD-50283,2023-08-28,2023-09-04,Standard Class,C-1023,Aytən Nurlanov,Corporate,Turkey,Izmir,OFF-3001,A4 kağız (5 paçka),Office Supplies,240.63,10,0,95.02
ORD-50284,2023-08-28,2023-09-01,Standard Class,C-1117,Mehmet Məmmədli,Corporate,Georgia,Tbilisi,TEC-1001,Logitech MX Master 3S,Technology,105.87,1,0.2,11.7
ORD-50285,2023-08-29,2023-09-03,Standard Class,C-1061,Zeynep Həsənli,Corporate,Turkey,Izmir,FUR-2003,Kitab rəfi 5 bölməli,Furniture,643.22,4,0,57.11
ORD-50285,2023-08-29,2023-09-04,Standard Class,C-1061,Zeynep Həsənli,Corporate,Turkey,Izmir,OFF-3003,Stepler və ştapellər,Office Supplies,75.56,5,0,28.56
ORD-50286,2023-08-29,2023-08-30,First Class,C-1113,Levan Usmonova,Consumer,Kazakhstan,Almaty,TEC-1004,Lenovo ThinkPad E14,Technology,4697.04,4,0,563.53
ORD-50286,2023-08-29,2023-09-01,First Class,C-1113,Levan Usmonova,Consumer,Kazakhstan,Almaty,TEC-1001,Logitech MX Master 3S,Technology,130.51,1,0,34.69
ORD-50286,2023-08-29,2023-08-31,First Class,C-1113,Levan Usmonova,Consumer,Kazakhstan,Almaty,OFF-3004,Arxiv qovluğu,Office Supplies,34.87,5,0,13.7
ORD-50287,2023-08-29,2023-08-30,First Class,C-1025,Zaur Quliyeva,Consumer,Georgia,Batumi,TEC-1004,Lenovo ThinkPad E14,Technology,3544.78,3,0,307.82
ORD-50288,2023-08-31,2023-09-04,Second Class,C-1078,Madina Məmmədli,Consumer,Turkey,Ankara,TEC-1003,HP LaserJet Pro M404,Technology,337.8,1,0,48.35
ORD-50288,2023-08-31,2023-09-03,Second Class,C-1078,Madina Məmmədli,Consumer,Turkey,Ankara,TEC-1006,Jabra Evolve2 65,Technology,1121.76,5,0,315.03
ORD-50289,2023-09-01,2023-09-05,Standard Class,C-1078,Madina Məmmədli,Consumer,Turkey,Ankara,OFF-3002,Gel qələm dəsti,Office Supplies,45.36,5,0,21.32
ORD-50290,2023-09-02,2023-09-06,Standard Class,C-1027,Dilnoza Seitkali,Corporate,Georgia,Batumi,FUR-2004,Konfrans masası,Furniture,4211.87,6,0.2,-670.55
ORD-50291,2023-09-02,2023-09-03,First Class,C-1105,Nurlan Nurlanov,Consumer,Azerbaijan,Baku,TEC-1004,Lenovo ThinkPad E14,Technology,1146.45,1,0,174.87
ORD-50291,2023-09-02,2023-09-03,First Class,C-1105,Nurlan Nurlanov,Consumer,Azerbaijan,Baku,FUR-2002,Hündürlüyü tənzimlənən masa,Furniture,1868.54,4,0.15,-106.9
ORD-50292,2023-09-02,2023-09-04,First Class,C-1018,Nino Abdullayev,Small Business,Turkey,Izmir,FUR-2003,Kitab rəfi 5 bölməli,Furniture,146.72,1,0.1,-14.79
ORD-50293,2023-09-03,2023-09-08,Standard Class,C-1078,Madina Məmmədli,Consumer,Turkey,Ankara,TEC-1005,Samsung T7 SSD 1TB,Technology,1105.54,8,0,302.2
ORD-50293,2023-09-03,2023-09-07,Standard Class,C-1078,Madina Məmmədli,Consumer,Turkey,Ankara,TEC-1001,Logitech MX Master 3S,Technology,524.1,4,0,157.8
ORD-50293,2023-09-03,2023-09-08,Standard Class,C-1078,Madina Məmmədli,Consumer,Turkey,Ankara,TEC-1002,Dell 27 Monitor P2723,Technology,783.42,2,0,130.81
ORD-50294,2023-09-03,2023-09-09,Standard Class,C-1096,Mehman Abdullayev,Consumer,Azerbaijan,Ganja,TEC-1005,Samsung T7 SSD 1TB,Technology,552.53,4,0,158.75
ORD-50294,2023-09-03,2023-09-10,Standard Class,C-1096,Mehman Abdullayev,Consumer,Azerbaijan,Ganja,TEC-1003,HP LaserJet Pro M404,Technology,1352.52,4,0,167.29
ORD-50295,2023-09-03,2023-09-06,First Class,C-1056,Giorgi Yılmaz,Corporate,Georgia,Batumi,TEC-1006,Jabra Evolve2 65,Technology,465.71,3,0.3,-52.12
ORD-50295,2023-09-03,2023-09-06,First Class,C-1056,Giorgi Yılmaz,Corporate,Georgia,Batumi,TEC-1004,Lenovo ThinkPad E14,Technology,4554.59,4,0,240.42
ORD-50296,2023-09-04,2023-09-04,Same Day,C-1071,Kənan Usmonova,Consumer,Georgia,Batumi,TEC-1001,Logitech MX Master 3S,Technology,255.3,2,0,62.79
ORD-50296,2023-09-04,2023-09-04,Same Day,C-1071,Kənan Usmonova,Consumer,Georgia,Batumi,TEC-1004,Lenovo ThinkPad E14,Technology,4090.84,4,0.1,54.52
ORD-50297,2023-09-04,2023-09-05,First Class,C-1064,Can Usmonova,Corporate,Turkey,Izmir,OFF-3004,Arxiv qovluğu,Office Supplies,34.41,6,0.2,4.35
ORD-50298,2023-09-05,2023-09-09,Standard Class,C-1022,Zaur Quliyeva,Consumer,Turkey,Ankara,FUR-2003,Kitab rəfi 5 bölməli,Furniture,633.23,4,0,48.85
ORD-50299,2023-09-06,2023-09-12,Standard Class,C-1115,Zaur Məmmədli,Consumer,Azerbaijan,Baku,TEC-1006,Jabra Evolve2 65,Technology,1728.73,8,0,428.4
ORD-50299,2023-09-06,2023-09-10,Standard Class,C-1115,Zaur Məmmədli,Consumer,Azerbaijan,Baku,OFF-3002,Gel qələm dəsti,Office Supplies,61.3,7,0,28.76
ORD-50299,2023-09-06,2023-09-13,Standard Class,C-1115,Zaur Məmmədli,Consumer,Azerbaijan,Baku,OFF-3003,Stepler və ştapellər,Office Supplies,136.89,9,0,54.5
ORD-50300,2023-09-06,2023-09-08,Second Class,C-1035,Aruzhan Əliyev,Corporate,Azerbaijan,Ganja,FUR-2001,Ergonomik ofis kreslosu,Furniture,1477.55,5,0,213.31
ORD-50300,2023-09-06,2023-09-10,Second Class,C-1035,Aruzhan Əliyev,Corporate,Azerbaijan,Ganja,TEC-1005,Samsung T7 SSD 1TB,Technology,218.17,2,0.2,1.87
ORD-50301,2023-09-07,2023-09-13,Standard Class,C-1077,Ruslan Həsənli,Corporate,Azerbaijan,Sumgait,TEC-1004,Lenovo ThinkPad E14,Technology,899.75,1,0.2,-108.62
ORD-50302,2023-09-07,2023-09-12,Standard Class,C-1063,Mehmet Kaya,Consumer,Turkey,Istanbul,OFF-3005,Ağ lövhə 120x90,Office Supplies,461.22,6,0,92.29
ORD-50303,2023-09-08,2023-09-08,Same Day,C-1009,Madina Kaya,Small Business,Kazakhstan,Astana,TEC-1004,Lenovo ThinkPad E14,Technology,1815.71,2,0.2,-236.53
ORD-50303,2023-09-08,2023-09-08,Same Day,C-1009,Madina Kaya,Small Business,Kazakhstan,Astana,TEC-1003,HP LaserJet Pro M404,Technology,666.59,2,0,81.52
ORD-50304,2023-09-09,2023-09-14,Standard Class,C-1073,Aidos Nurlanov,Corporate,Turkey,Istanbul,TEC-1006,Jabra Evolve2 65,Technology,174.7,1,0.2,-4.84
ORD-50304,2023-09-09,2023-09-16,Standard Class,C-1073,Aidos Nurlanov,Corporate,Turkey,Istanbul,OFF-3003,Stepler və ştapellər,Office Supplies,41.91,3,0.05,15.37
ORD-50304,2023-09-09,2023-09-14,Standard Class,C-1073,Aidos Nurlanov,Corporate,Turkey,Istanbul,FUR-2001,Ergonomik ofis kreslosu,Furniture,1179.47,5,0.2,-89.15
ORD-50305,2023-09-09,2023-09-13,Standard Class,C-1024,Bekzod Demir,Consumer,Uzbekistan,Samarkand,FUR-2002,Hündürlüyü tənzimlənən masa,Furniture,1930.27,4,0.1,-46.85
ORD-50305,2023-09-09,2023-09-13,Standard Class,C-1024,Bekzod Demir,Consumer,Uzbekistan,Samarkand,FUR-2001,Ergonomik ofis kreslosu,Furniture,1404.68,5,0,269.1
ORD-50305,2023-09-09,2023-09-13,Standard Class,C-1024,Bekzod Demir,Consumer,Uzbekistan,Samarkand,OFF-3003,Stepler və ştapellər,Office Supplies,29.96,2,0,12.47
ORD-50306,2023-09-11,2023-09-16,Standard Class,C-1118,Kənan Quliyeva,Consumer,Georgia,Batumi,TEC-1003,HP LaserJet Pro M404,Technology,329.56,1,0,48.4
ORD-50306,2023-09-11,2023-09-18,Standard Class,C-1118,Kənan Quliyeva,Consumer,Georgia,Batumi,OFF-3001,A4 kağız (5 paçka),Office Supplies,198.03,9,0.1,39.88
ORD-50307,2023-09-13,2023-09-16,First Class,C-1049,Dilnoza Kapanadze,Consumer,Turkey,Istanbul,FUR-2001,Ergonomik ofis kreslosu,Furniture,1067.76,4,0.1,3.32
ORD-50308,2023-09-14,2023-09-17,Second Class,C-1018,Nino Abdullayev,Small Business,Turkey,Izmir,TEC-1005,Samsung T7 SSD 1TB,Technology,570.05,5,0.2,24.1
ORD-50309,2023-09-16,2023-09-18,First Class,C-1009,Madina Kaya,Small Business,Kazakhstan,Astana,FUR-2001,Ergonomik ofis kreslosu,Furniture,2005.93,7,0,295.45
ORD-50309,2023-09-16,2023-09-18,First Class,C-1009,Madina Kaya,Small Business,Kazakhstan,Astana,TEC-1003,HP LaserJet Pro M404,Technology,296.8,1,0.1,4.48
ORD-50310,2023-09-17,2023-09-23,Standard Class,C-1015,Elif Həsənli,Corporate,Azerbaijan,Sumgait,OFF-3001,A4 kağız (5 paçka),Office Supplies,106.61,5,0.1,22.72
ORD-50310,2023-09-17,2023-09-24,Standard Class,C-1015,Elif Həsənli,Corporate,Azerbaijan,Sumgait,FUR-2004,Konfrans masası,Furniture,5418.46,6,0,184.78
ORD-50311,2023-09-18,2023-09-25,Standard Class,C-1047,Levan Yılmaz,Consumer,Turkey,Istanbul,TEC-1005,Samsung T7 SSD 1TB,Technology,422.66,3,0,101.12
ORD-50311,2023-09-18,2023-09-22,Standard Class,C-1047,Levan Yılmaz,Consumer,Turkey,Istanbul,TEC-1002,Dell 27 Monitor P2723,Technology,1596.83,4,0,240.1
ORD-50312,2023-09-18,2023-09-21,First Class,C-1094,Levan Abdullayev,Corporate,Azerbaijan,Sumgait,OFF-3002,Gel qələm dəsti,Office Supplies,97.38,11,0,43.92
ORD-50312,2023-09-18,2023-09-19,First Class,C-1094,Levan Abdullayev,Corporate,Azerbaijan,Sumgait,TEC-1005,Samsung T7 SSD 1TB,Technology,706.86,5,0,248.19
ORD-50313,2023-09-20,2023-09-23,Second Class,C-1079,Aruzhan Beridze,Corporate,Azerbaijan,Baku,OFF-3002,Gel qələm dəsti,Office Supplies,70.7,8,0,33.98
ORD-50314,2023-09-21,2023-09-26,Standard Class,C-1056,Giorgi Yılmaz,Corporate,Georgia,Batumi,TEC-1002,Dell 27 Monitor P2723,Technology,731.47,2,0.05,43.35
ORD-50315,2023-09-22,2023-09-24,First Class,C-1064,Can Usmonova,Corporate,Turkey,Izmir,TEC-1001,Logitech MX Master 3S,Technology,1054.72,8,0,296.18
ORD-50315,2023-09-22,2023-09-25,First Class,C-1064,Can Usmonova,Corporate,Turkey,Izmir,TEC-1002,Dell 27 Monitor P2723,Technology,766.01,2,0,150.58
ORD-50316,2023-09-22,2023-09-29,Standard Class,C-1117,Mehmet Məmmədli,Corporate,Georgia,Tbilisi,OFF-3001,A4 kağız (5 paçka),Office Supplies,75.68,4,0.2,10.05
ORD-50316,2023-09-22,2023-09-26,Standard Class,C-1117,Mehmet Məmmədli,Corporate,Georgia,Tbilisi,FUR-2001,Ergonomik ofis kreslosu,Furniture,3453.98,12,0,531.34
ORD-50317,2023-09-23,2023-09-29,Standard Class,C-1030,Kənan Abdullayev,Consumer,Uzbekistan,Tashkent,OFF-3004,Arxiv qovluğu,Office Supplies,27.74,4,0,11.06
ORD-50318,2023-09-24,2023-09-24,Same Day,C-1117,Mehmet Məmmədli,Corporate,Georgia,Tbilisi,FUR-2001,Ergonomik ofis kreslosu,Furniture,2163.4,9,0.15,-84.24
ORD-50318,2023-09-24,2023-09-24,Same Day,C-1117,Mehmet Məmmədli,Corporate,Georgia,Tbilisi,TEC-1002,Dell 27 Monitor P2723,Technology,688.53,2,0.1,-0.39
ORD-50319,2023-09-24,2023-10-01,Standard Class,C-1061,Zeynep Həsənli,Corporate,Turkey,Izmir,OFF-3003,Stepler və ştapellər,Office Supplies,91.26,6,0,40.21
ORD-50319,2023-09-24,2023-09-29,Standard Class,C-1061,Zeynep Həsənli,Corporate,Turkey,Izmir,TEC-1001,Logitech MX Master 3S,Technology,1011.51,9,0.15,63.23
ORD-50320,2023-09-25,2023-09-30,Standard Class,C-1021,Can Əliyev,Corporate,Turkey,Ankara,TEC-1004,Lenovo ThinkPad E14,Technology,4674.77,4,0,723.71
ORD-50320,2023-09-25,2023-09-29,Standard Class,C-1021,Can Əliyev,Corporate,Turkey,Ankara,TEC-1006,Jabra Evolve2 65,Technology,1516.07,7,0,370.09
ORD-50321,2023-09-26,2023-09-30,Standard Class,C-1115,Zaur Məmmədli,Consumer,Azerbaijan,Baku,FUR-2003,Kitab rəfi 5 bölməli,Furniture,931.5,6,0,123.87
ORD-50322,2023-09-27,2023-10-02,Standard Class,C-1118,Kənan Quliyeva,Consumer,Georgia,Batumi,OFF-3005,Ağ lövhə 120x90,Office Supplies,239.97,3,0,54.68
ORD-50322,2023-09-27,2023-10-03,Standard Class,C-1118,Kənan Quliyeva,Consumer,Georgia,Batumi,TEC-1002,Dell 27 Monitor P2723,Technology,1100.56,4,0.3,-203.69
ORD-50322,2023-09-27,2023-10-01,Standard Class,C-1118,Kənan Quliyeva,Consumer,Georgia,Batumi,OFF-3003,Stepler və ştapellər,Office Supplies,139.05,9,0,57.77
ORD-50323,2023-09-29,2023-10-05,Standard Class,C-1104,Aidos Abdullayev,Small Business,Turkey,Ankara,TEC-1003,HP LaserJet Pro M404,Technology,1007.65,3,0,94.13
ORD-50324,2023-09-30,2023-09-30,Same Day,C-1061,Zeynep Həsənli,Corporate,Turkey,Izmir,TEC-1004,Lenovo ThinkPad E14,Technology,4066.54,5,0.3,-1073.98
ORD-50324,2023-09-30,2023-09-30,Same Day,C-1061,Zeynep Həsənli,Corporate,Turkey,Izmir,TEC-1003,HP LaserJet Pro M404,Technology,654.8,2,0,74.41
ORD-50325,2023-09-30,2023-10-06,Standard Class,C-1088,Emin Əliyev,Corporate,Turkey,Izmir,TEC-1001,Logitech MX Master 3S,Technology,612.83,5,0.05,97.7
ORD-50325,2023-09-30,2023-10-04,Standard Class,C-1088,Emin Əliyev,Corporate,Turkey,Izmir,TEC-1003,HP LaserJet Pro M404,Technology,460.31,2,0.3,-106.98
ORD-50326,2023-10-01,2023-10-02,First Class,C-1083,Zaur Quliyeva,Consumer,Turkey,Istanbul,FUR-2003,Kitab rəfi 5 bölməli,Furniture,1255.9,8,0,82.09
ORD-50326,2023-10-01,2023-10-04,First Class,C-1083,Zaur Quliyeva,Consumer,Turkey,Istanbul,OFF-3005,Ağ lövhə 120x90,Office Supplies,273.36,5,0.3,-44.84
ORD-50327,2023-10-01,2023-10-06,Standard Class,C-1018,Nino Abdullayev,Small Business,Turkey,Izmir,TEC-1005,Samsung T7 SSD 1TB,Technology,332.46,3,0.2,8.53
ORD-50328,2023-10-02,2023-10-04,Second Class,C-1037,Levan Beridze,Consumer,Georgia,Tbilisi,TEC-1004,Lenovo ThinkPad E14,Technology,4608.84,4,0,719.62
ORD-50328,2023-10-02,2023-10-06,Second Class,C-1037,Levan Beridze,Consumer,Georgia,Tbilisi,TEC-1004,Lenovo ThinkPad E14,Technology,1175.89,1,0,84.05
ORD-50329,2023-10-02,2023-10-06,Standard Class,C-1077,Ruslan Həsənli,Corporate,Azerbaijan,Sumgait,OFF-3003,Stepler və ştapellər,Office Supplies,136.76,9,0,50.57
ORD-50330,2023-10-03,2023-10-09,Standard Class,C-1103,Zeynep Abdullayev,Corporate,Kazakhstan,Astana,OFF-3003,Stepler və ştapellər,Office Supplies,132.65,9,0,46.27
ORD-50331,2023-10-04,2023-10-06,Second Class,C-1117,Mehmet Məmmədli,Corporate,Georgia,Tbilisi,FUR-2002,Hündürlüyü tənzimlənən masa,Furniture,2931.86,6,0.1,-223.19
ORD-50332,2023-10-04,2023-10-09,Standard Class,C-1099,Giorgi Nurlanov,Corporate,Georgia,Tbilisi,FUR-2003,Kitab rəfi 5 bölməli,Furniture,576.57,4,0.1,-47.45
ORD-50332,2023-10-04,2023-10-09,Standard Class,C-1099,Giorgi Nurlanov,Corporate,Georgia,Tbilisi,TEC-1001,Logitech MX Master 3S,Technology,521.15,4,0,160.32
ORD-50332,2023-10-04,2023-10-10,Standard Class,C-1099,Giorgi Nurlanov,Corporate,Georgia,Tbilisi,TEC-1003,HP LaserJet Pro M404,Technology,1646.73,5,0,249.39
ORD-50333,2023-10-05,2023-10-10,Standard Class,C-1072,Elnur Demir,Consumer,Turkey,Istanbul,TEC-1006,Jabra Evolve2 65,Technology,1092.22,5,0,286.55
ORD-50333,2023-10-05,2023-10-09,Standard Class,C-1072,Elnur Demir,Consumer,Turkey,Istanbul,TEC-1004,Lenovo ThinkPad E14,Technology,3211.83,4,0.3,-962.86
ORD-50333,2023-10-05,2023-10-10,Standard Class,C-1072,Elnur Demir,Consumer,Turkey,Istanbul,TEC-1002,Dell 27 Monitor P2723,Technology,1567.23,4,0,328.06
ORD-50334,2023-10-06,2023-10-12,Standard Class,C-1027,Dilnoza Seitkali,Corporate,Georgia,Batumi,OFF-3001,A4 kağız (5 paçka),Office Supplies,91.53,4,0.05,26.07
ORD-50335,2023-10-07,2023-10-12,Standard Class,C-1024,Bekzod Demir,Consumer,Uzbekistan,Samarkand,OFF-3004,Arxiv qovluğu,Office Supplies,61.68,9,0,22.18
ORD-50336,2023-10-08,2023-10-08,Same Day,C-1104,Aidos Abdullayev,Small Business,Turkey,Ankara,TEC-1001,Logitech MX Master 3S,Technology,703.54,6,0.1,128.15
ORD-50336,2023-10-08,2023-10-08,Same Day,C-1104,Aidos Abdullayev,Small Business,Turkey,Ankara,FUR-2003,Kitab rəfi 5 bölməli,Furniture,637.99,4,0,47.24
ORD-50337,2023-10-08,2023-10-12,Second Class,C-1043,Sevinc Həsənli,Corporate,Azerbaijan,Ganja,TEC-1005,Samsung T7 SSD 1TB,Technology,901.87,8,0.2,25.57
ORD-50338,2023-10-09,2023-10-14,Standard Class,C-1038,Nino Həsənli,Corporate,Turkey,Izmir,TEC-1002,Dell 27 Monitor P2723,Technology,1192.55,3,0,279.95
ORD-50338,2023-10-09,2023-10-14,Standard Class,C-1038,Nino Həsənli,Corporate,Turkey,Izmir,OFF-3002,Gel qələm dəsti,Office Supplies,68.32,8,0.05,28.65
ORD-50338,2023-10-09,2023-10-16,Standard Class,C-1038,Nino Həsənli,Corporate,Turkey,Izmir,TEC-1002,Dell 27 Monitor P2723,Technology,833.45,3,0.3,-145.17
ORD-50339,2023-10-09,2023-10-13,Standard Class,C-1024,Bekzod Demir,Consumer,Uzbekistan,Samarkand,TEC-1004,Lenovo ThinkPad E14,Technology,2059.1,2,0.1,-48.79
ORD-50339,2023-10-09,2023-10-16,Standard Class,C-1024,Bekzod Demir,Consumer,Uzbekistan,Samarkand,TEC-1002,Dell 27 Monitor P2723,Technology,772.36,2,0,180.83
ORD-50340,2023-10-10,2023-10-14,Standard Class,C-1030,Kənan Abdullayev,Consumer,Uzbekistan,Tashkent,TEC-1005,Samsung T7 SSD 1TB,Technology,1000.05,7,0,287.53
ORD-50340,2023-10-10,2023-10-16,Standard Class,C-1030,Kənan Abdullayev,Consumer,Uzbekistan,Tashkent,TEC-1001,Logitech MX Master 3S,Technology,101.02,1,0.2,1.97
ORD-50341,2023-10-10,2023-10-10,Same Day,C-1072,Elnur Demir,Consumer,Turkey,Istanbul,OFF-3002,Gel qələm dəsti,Office Supplies,52.24,7,0.15,14.36
ORD-50341,2023-10-10,2023-10-10,Same Day,C-1072,Elnur Demir,Consumer,Turkey,Istanbul,TEC-1003,HP LaserJet Pro M404,Technology,1310.56,4,0,250.64
ORD-50342,2023-10-10,2023-10-12,Second Class,C-1079,Aruzhan Beridze,Corporate,Azerbaijan,Baku,OFF-3005,Ağ lövhə 120x90,Office Supplies,406.38,5,0,81.4
ORD-50343,2023-10-12,2023-10-18,Standard Class,C-1005,Aruzhan Demir,Corporate,Uzbekistan,Tashkent,TEC-1005,Samsung T7 SSD 1TB,Technology,241.83,2,0.15,29.42
ORD-50343,2023-10-12,2023-10-16,Standard Class,C-1005,Aruzhan Demir,Corporate,Uzbekistan,Tashkent,TEC-1003,HP LaserJet Pro M404,Technology,1678.47,5,0,177.33
ORD-50344,2023-10-12,2023-10-16,Standard Class,C-1018,Nino Abdullayev,Small Business,Turkey,Izmir,OFF-3005,Ağ lövhə 120x90,Office Supplies,554.31,7,0,126.77
ORD-50345,2023-10-14,2023-10-20,Standard Class,C-1007,Anar Yılmaz,Consumer,Turkey,Ankara,TEC-1002,Dell 27 Monitor P2723,Technology,1169.51,3,0,183.33
ORD-50346,2023-10-14,2023-10-18,Standard Class,C-1116,Elif Karimov,Consumer,Azerbaijan,Baku,TEC-1005,Samsung T7 SSD 1TB,Technology,1221.07,9,0,359.47
ORD-50347,2023-10-14,2023-10-20,Standard Class,C-1055,Ruslan Usmonova,Small Business,Turkey,Ankara,FUR-2001,Ergonomik ofis kreslosu,Furniture,510.23,2,0.1,22.24
ORD-50347,2023-10-14,2023-10-18,Standard Class,C-1055,Ruslan Usmonova,Small Business,Turkey,Ankara,FUR-2004,Konfrans masası,Furniture,1570.97,2,0.1,-142.1
ORD-50348,2023-10-15,2023-10-20,Standard Class,C-1071,Kənan Usmonova,Consumer,Georgia,Batumi,FUR-2001,Ergonomik ofis kreslosu,Furniture,591.03,2,0,95.52
ORD-50348,2023-10-15,2023-10-22,Standard Class,C-1071,Kənan Usmonova,Consumer,Georgia,Batumi,TEC-1006,Jabra Evolve2 65,Technology,222.0,1,0,54.9
ORD-50349,2023-10-15,2023-10-19,Standard Class,C-1022,Zaur Quliyeva,Consumer,Turkey,Ankara,OFF-3003,Stepler və ştapellər,Office Supplies,137.61,9,0,55.43
ORD-50350,2023-10-16,2023-10-16,Same Day,C-1061,Zeynep Həsənli,Corporate,Turkey,Izmir,TEC-1001,Logitech MX Master 3S,Technology,1001.97,9,0.15,90.57
ORD-50351,2023-10-18,2023-10-23,Standard Class,C-1024,Bekzod Demir,Consumer,Uzbekistan,Samarkand,FUR-2004,Konfrans masası,Furniture,910.69,1,0,48.44
ORD-50352,2023-10-19,2023-10-19,Same Day,C-1099,Giorgi Nurlanov,Corporate,Georgia,Tbilisi,FUR-2002,Hündürlüyü tənzimlənən masa,Furniture,1928.63,4,0.1,61.17
ORD-50352,2023-10-19,2023-10-19,Same Day,C-1099,Giorgi Nurlanov,Corporate,Georgia,Tbilisi,FUR-2004,Konfrans masası,Furniture,3268.79,4,0.1,-155.21
ORD-50353,2023-10-20,2023-10-27,Standard Class,C-1095,Elnur Karimov,Small Business,Turkey,Istanbul,TEC-1001,Logitech MX Master 3S,Technology,902.56,7,0,268.64
ORD-50354,2023-10-20,2023-10-24,Second Class,C-1021,Can Əliyev,Corporate,Turkey,Ankara,FUR-2001,Ergonomik ofis kreslosu,Furniture,2399.87,9,0.05,360.98
ORD-50354,2023-10-20,2023-10-23,Second Class,C-1021,Can Əliyev,Corporate,Turkey,Ankara,OFF-3002,Gel qələm dəsti,Office Supplies,31.34,4,0.15,7.34
ORD-50355,2023-10-21,2023-10-25,Standard Class,C-1012,Zaur Abdullayev,Consumer,Azerbaijan,Ganja,FUR-2004,Konfrans masası,Furniture,2761.12,3,0,251.19
ORD-50356,2023-10-22,2023-10-27,Standard Class,C-1046,Lalə Nurlanov,Consumer,Azerbaijan,Ganja,OFF-3004,Arxiv qovluğu,Office Supplies,22.73,4,0.2,3.26
ORD-50357,2023-10-23,2023-10-24,First Class,C-1027,Dilnoza Seitkali,Corporate,Georgia,Batumi,OFF-3004,Arxiv qovluğu,Office Supplies,52.05,8,0.05,16.76
ORD-50358,2023-10-23,2023-10-24,First Class,C-1077,Ruslan Həsənli,Corporate,Azerbaijan,Sumgait,TEC-1003,HP LaserJet Pro M404,Technology,1282.44,4,0,214.88
ORD-50359,2023-10-24,2023-10-31,Standard Class,C-1027,Dilnoza Seitkali,Corporate,Georgia,Batumi,TEC-1004,Lenovo ThinkPad E14,Technology,3291.09,3,0.05,220.36
ORD-50359,2023-10-24,2023-10-30,Standard Class,C-1027,Dilnoza Seitkali,Corporate,Georgia,Batumi,OFF-3003,Stepler və ştapellər,Office Supplies,102.85,7,0,40.88
ORD-50360,2023-10-25,2023-10-27,Second Class,C-1023,Aytən Nurlanov,Corporate,Turkey,Izmir,OFF-3002,Gel qələm dəsti,Office Supplies,58.34,9,0.3,5.37
ORD-50361,2023-10-25,2023-10-29,Second Class,C-1095,Elnur Karimov,Small Business,Turkey,Istanbul,TEC-1001,Logitech MX Master 3S,Technology,130.01,1,0,35.47
ORD-50362,2023-10-26,2023-10-28,Second Class,C-1079,Aruzhan Beridze,Corporate,Azerbaijan,Baku,OFF-3005,Ağ lövhə 120x90,Office Supplies,126.8,2,0.2,-6.73
ORD-50363,2023-10-27,2023-11-02,Standard Class,C-1054,Zaur Əliyev,Corporate,Kazakhstan,Astana,TEC-1002,Dell 27 Monitor P2723,Technology,1012.58,3,0.15,-16.51
ORD-50363,2023-10-27,2023-11-03,Standard Class,C-1054,Zaur Əliyev,Corporate,Kazakhstan,Astana,FUR-2003,Kitab rəfi 5 bölməli,Furniture,1110.15,7,0,100.44
ORD-50364,2023-10-27,2023-10-31,Second Class,C-1018,Nino Abdullayev,Small Business,Turkey,Izmir,TEC-1002,Dell 27 Monitor P2723,Technology,1435.34,4,0.05,171.56
ORD-50365,2023-10-28,2023-10-29,First Class,C-1032,Zaur Məmmədli,Corporate,Azerbaijan,Baku,OFF-3001,A4 kağız (5 paçka),Office Supplies,221.32,9,0,67.51
ORD-50366,2023-10-29,2023-11-03,Standard Class,C-1032,Zaur Məmmədli,Corporate,Azerbaijan,Baku,FUR-2001,Ergonomik ofis kreslosu,Furniture,1124.98,5,0.2,-65.23
ORD-50366,2023-10-29,2023-11-03,Standard Class,C-1032,Zaur Məmmədli,Corporate,Azerbaijan,Baku,FUR-2003,Kitab rəfi 5 bölməli,Furniture,1516.59,11,0.15,-233.43
ORD-50367,2023-10-30,2023-11-03,Standard Class,C-1021,Can Əliyev,Corporate,Turkey,Ankara,TEC-1002,Dell 27 Monitor P2723,Technology,756.24,2,0,110.12
ORD-50367,2023-10-30,2023-11-06,Standard Class,C-1021,Can Əliyev,Corporate,Turkey,Ankara,TEC-1002,Dell 27 Monitor P2723,Technology,1134.78,3,0,168.65
ORD-50368,2023-10-30,2023-11-06,Standard Class,C-1115,Zaur Məmmədli,Consumer,Azerbaijan,Baku,TEC-1006,Jabra Evolve2 65,Technology,873.63,5,0.2,-46.98
ORD-50368,2023-10-30,2023-11-04,Standard Class,C-1115,Zaur Məmmədli,Consumer,Azerbaijan,Baku,FUR-2002,Hündürlüyü tənzimlənən masa,Furniture,2245.53,4,0,173.08
ORD-50369,2023-10-31,2023-11-02,First Class,C-1061,Zeynep Həsənli,Corporate,Turkey,Izmir,FUR-2002,Hündürlüyü tənzimlənən masa,Furniture,1643.85,3,0,127.76
ORD-50369,2023-10-31,2023-11-03,First Class,C-1061,Zeynep Həsənli,Corporate,Turkey,Izmir,OFF-3003,Stepler və ştapellər,Office Supplies,131.16,9,0.05,48.66
ORD-50369,2023-10-31,2023-11-03,First Class,C-1061,Zeynep Həsənli,Corporate,Turkey,Izmir,TEC-1002,Dell 27 Monitor P2723,Technology,1484.66,4,0.05,224.03
ORD-50370,2023-10-31,2023-11-07,Standard Class,C-1069,Mehmet Məmmədli,Consumer,Azerbaijan,Ganja,OFF-3001,A4 kağız (5 paçka),Office Supplies,95.53,4,0,35.66
ORD-50371,2023-11-01,2023-11-02,First Class,C-1040,Kənan Karimov,Consumer,Turkey,Ankara,TEC-1003,HP LaserJet Pro M404,Technology,337.27,1,0,44.11
ORD-50372,2023-11-01,2023-11-05,Standard Class,C-1018,Nino Abdullayev,Small Business,Turkey,Izmir,FUR-2002,Hündürlüyü tənzimlənən masa,Furniture,2038.21,4,0.05,41.41
ORD-50373,2023-11-02,2023-11-06,Second Class,C-1022,Zaur Quliyeva,Consumer,Turkey,Ankara,TEC-1004,Lenovo ThinkPad E14,Technology,4611.21,4,0,499.85
ORD-50374,2023-11-04,2023-11-11,Standard Class,C-1018,Nino Abdullayev,Small Business,Turkey,Izmir,TEC-1001,Logitech MX Master 3S,Technology,130.94,1,0,35.7
ORD-50374,2023-11-04,2023-11-11,Standard Class,C-1018,Nino Abdullayev,Small Business,Turkey,Izmir,TEC-1004,Lenovo ThinkPad E14,Technology,4729.12,4,0,496.97
ORD-50375,2023-11-05,2023-11-10,Standard Class,C-1041,Lalə Seitkali,Corporate,Azerbaijan,Baku,FUR-2002,Hündürlüyü tənzimlənən masa,Furniture,2252.02,6,0.3,-576.43
ORD-50376,2023-11-05,2023-11-11,Standard Class,C-1021,Can Əliyev,Corporate,Turkey,Ankara,FUR-2002,Hündürlüyü tənzimlənən masa,Furniture,1690.03,3,0,123.58
ORD-50377,2023-11-06,2023-11-13,Standard Class,C-1015,Elif Həsənli,Corporate,Azerbaijan,Sumgait,TEC-1002,Dell 27 Monitor P2723,Technology,1526.57,4,0,300.87
ORD-50378,2023-11-07,2023-11-13,Standard Class,C-1061,Zeynep Həsənli,Corporate,Turkey,Izmir,OFF-3005,Ağ lövhə 120x90,Office Supplies,343.49,5,0.15,12.94
ORD-50379,2023-11-07,2023-11-11,Standard Class,C-1015,Elif Həsənli,Corporate,Azerbaijan,Sumgait,FUR-2004,Konfrans masası,Furniture,6218.56,7,0,169.99
ORD-50380,2023-11-08,2023-11-12,Second Class,C-1092,Bekzod Demir,Small Business,Uzbekistan,Tashkent,TEC-1004,Lenovo ThinkPad E14,Technology,4618.23,4,0,651.66
ORD-50380,2023-11-08,2023-11-11,Second Class,C-1092,Bekzod Demir,Small Business,Uzbekistan,Tashkent,OFF-3005,Ağ lövhə 120x90,Office Supplies,383.43,5,0,73.63
ORD-50381,2023-11-08,2023-11-14,Standard Class,C-1028,Elif Nurlanov,Small Business,Turkey,Istanbul,TEC-1002,Dell 27 Monitor P2723,Technology,825.45,3,0.3,-166.23
ORD-50381,2023-11-08,2023-11-14,Standard Class,C-1028,Elif Nurlanov,Small Business,Turkey,Istanbul,OFF-3001,A4 kağız (5 paçka),Office Supplies,96.31,4,0,33.42
ORD-50381,2023-11-08,2023-11-15,Standard Class,C-1028,Elif Nurlanov,Small Business,Turkey,Istanbul,FUR-2004,Konfrans masası,Furniture,2283.93,3,0.15,-380.2
ORD-50382,2023-11-08,2023-11-13,Standard Class,C-1027,Dilnoza Seitkali,Corporate,Georgia,Batumi,TEC-1004,Lenovo ThinkPad E14,Technology,788.56,1,0.3,-244.77
ORD-50382,2023-11-08,2023-11-13,Standard Class,C-1027,Dilnoza Seitkali,Corporate,Georgia,Batumi,TEC-1004,Lenovo ThinkPad E14,Technology,3966.65,4,0.15,-151.3
ORD-50383,2023-11-09,2023-11-09,Same Day,C-1013,Nurlan Karimov,Consumer,Uzbekistan,Samarkand,TEC-1002,Dell 27 Monitor P2723,Technology,1157.98,3,0,195.43
ORD-50384,2023-11-09,2023-11-12,Second Class,C-1117,Mehmet Məmmədli,Corporate,Georgia,Tbilisi,TEC-1005,Samsung T7 SSD 1TB,Technology,682.97,5,0,177.69
ORD-50384,2023-11-09,2023-11-11,Second Class,C-1117,Mehmet Məmmədli,Corporate,Georgia,Tbilisi,TEC-1006,Jabra Evolve2 65,Technology,2564.55,12,0,717.19
ORD-50384,2023-11-09,2023-11-13,Second Class,C-1117,Mehmet Məmmədli,Corporate,Georgia,Tbilisi,OFF-3004,Arxiv qovluğu,Office Supplies,35.65,5,0,13.59
ORD-50385,2023-11-10,2023-11-12,Second Class,C-1024,Bekzod Demir,Consumer,Uzbekistan,Samarkand,OFF-3002,Gel qələm dəsti,Office Supplies,54.96,6,0,26.1
ORD-50386,2023-11-11,2023-11-16,Standard Class,C-1096,Mehman Abdullayev,Consumer,Azerbaijan,Ganja,TEC-1006,Jabra Evolve2 65,Technology,1324.01,7,0.15,12.47
ORD-50387,2023-11-11,2023-11-11,Same Day,C-1032,Zaur Məmmədli,Corporate,Azerbaijan,Baku,OFF-3001,A4 kağız (5 paçka),Office Supplies,169.14,9,0.2,14.78
ORD-50387,2023-11-11,2023-11-11,Same Day,C-1032,Zaur Məmmədli,Corporate,Azerbaijan,Baku,TEC-1001,Logitech MX Master 3S,Technology,914.42,7,0,250.58
ORD-50388,2023-11-12,2023-11-19,Standard Class,C-1113,Levan Usmonova,Consumer,Kazakhstan,Almaty,OFF-3002,Gel qələm dəsti,Office Supplies,51.84,7,0.2,9.15
ORD-50388,2023-11-12,2023-11-16,Standard Class,C-1113,Levan Usmonova,Consumer,Kazakhstan,Almaty,FUR-2002,Hündürlüyü tənzimlənən masa,Furniture,552.27,1,0,15.94
ORD-50389,2023-11-12,2023-11-16,Standard Class,C-1117,Mehmet Məmmədli,Corporate,Georgia,Tbilisi,TEC-1002,Dell 27 Monitor P2723,Technology,797.72,2,0,130.83
ORD-50389,2023-11-12,2023-11-19,Standard Class,C-1117,Mehmet Məmmədli,Corporate,Georgia,Tbilisi,TEC-1002,Dell 27 Monitor P2723,Technology,2664.05,7,0.05,386.59
ORD-50390,2023-11-13,2023-11-13,Same Day,C-1008,Elnur Kaya,Consumer,Turkey,Izmir,TEC-1002,Dell 27 Monitor P2723,Technology,388.39,1,0,58.86
ORD-50391,2023-11-13,2023-11-17,Second Class,C-1092,Bekzod Demir,Small Business,Uzbekistan,Tashkent,OFF-3001,A4 kağız (5 paçka),Office Supplies,119.32,6,0.15,27.98
ORD-50392,2023-11-14,2023-11-14,Same Day,C-1024,Bekzod Demir,Consumer,Uzbekistan,Samarkand,TEC-1006,Jabra Evolve2 65,Technology,436.05,2,0,121.33
ORD-50392,2023-11-14,2023-11-14,Same Day,C-1024,Bekzod Demir,Consumer,Uzbekistan,Samarkand,OFF-3005,Ağ lövhə 120x90,Office Supplies,80.74,1,0,20.18
ORD-50392,2023-11-14,2023-11-14,Same Day,C-1024,Bekzod Demir,Consumer,Uzbekistan,Samarkand,OFF-3003,Stepler və ştapellər,Office Supplies,45.03,3,0,17.55
ORD-50393,2023-11-14,2023-11-17,Second Class,C-1108,Madina Əliyev,Small Business,Azerbaijan,Ganja,TEC-1002,Dell 27 Monitor P2723,Technology,792.21,2,0,149.5
ORD-50393,2023-11-14,2023-11-17,Second Class,C-1108,Madina Əliyev,Small Business,Azerbaijan,Ganja,FUR-2001,Ergonomik ofis kreslosu,Furniture,990.22,5,0.3,-209.73
ORD-50394,2023-11-15,2023-11-15,Same Day,C-1089,Elif Quliyeva,Corporate,Kazakhstan,Almaty,OFF-3004,Arxiv qovluğu,Office Supplies,47.88,7,0.05,16.33
ORD-50394,2023-11-15,2023-11-15,Same Day,C-1089,Elif Quliyeva,Corporate,Kazakhstan,Almaty,OFF-3005,Ağ lövhə 120x90,Office Supplies,557.21,9,0.2,-66.01
ORD-50395,2023-11-16,2023-11-20,Second Class,C-1068,Elnur Abdullayev,Consumer,Georgia,Batumi,FUR-2002,Hündürlüyü tənzimlənən masa,Furniture,1065.51,2,0,90.6
ORD-50395,2023-11-16,2023-11-18,Second Class,C-1068,Elnur Abdullayev,Consumer,Georgia,Batumi,TEC-1003,HP LaserJet Pro M404,Technology,1306.86,4,0,240.71
ORD-50396,2023-11-16,2023-11-16,Same Day,C-1079,Aruzhan Beridze,Corporate,Azerbaijan,Baku,FUR-2003,Kitab rəfi 5 bölməli,Furniture,1515.75,11,0.15,-157.65
ORD-50397,2023-11-17,2023-11-21,Standard Class,C-1047,Levan Yılmaz,Consumer,Turkey,Istanbul,OFF-3001,A4 kağız (5 paçka),Office Supplies,164.94,7,0,57.35
ORD-50398,2023-11-17,2023-11-21,Standard Class,C-1097,Elnur Usmonova,Corporate,Azerbaijan,Ganja,OFF-3001,A4 kağız (5 paçka),Office Supplies,116.23,7,0.3,-3.41
ORD-50398,2023-11-17,2023-11-24,Standard Class,C-1097,Elnur Usmonova,Corporate,Azerbaijan,Ganja,TEC-1004,Lenovo ThinkPad E14,Technology,1830.43,2,0.2,-208.87
ORD-50399,2023-11-18,2023-11-18,Same Day,C-1099,Giorgi Nurlanov,Corporate,Georgia,Tbilisi,TEC-1004,Lenovo ThinkPad E14,Technology,3450.07,3,0,391.81
ORD-50400,2023-11-18,2023-11-22,Standard Class,C-1025,Zaur Quliyeva,Consumer,Georgia,Batumi,TEC-1005,Samsung T7 SSD 1TB,Technology,142.08,1,0,41.83
ORD-50400,2023-11-18,2023-11-23,Standard Class,C-1025,Zaur Quliyeva,Consumer,Georgia,Batumi,OFF-3003,Stepler və ştapellər,Office Supplies,106.88,9,0.2,16.19
ORD-50401,2023-11-19,2023-11-23,Standard Class,C-1074,Aytən Həsənli,Consumer,Turkey,Istanbul,FUR-2004,Konfrans masası,Furniture,1770.58,2,0,109.98
ORD-50401,2023-11-19,2023-11-25,Standard Class,C-1074,Aytən Həsənli,Consumer,Turkey,Istanbul,FUR-2004,Konfrans masası,Furniture,1769.11,2,0,106.54
ORD-50401,2023-11-19,2023-11-24,Standard Class,C-1074,Aytən Həsənli,Consumer,Turkey,Istanbul,TEC-1006,Jabra Evolve2 65,Technology,1769.57,8,0,479.62
ORD-50402,2023-11-20,2023-11-23,First Class,C-1104,Aidos Abdullayev,Small Business,Turkey,Ankara,OFF-3004,Arxiv qovluğu,Office Supplies,33.0,6,0.2,5.24
ORD-50403,2023-11-20,2023-11-27,Standard Class,C-1065,Aidos Karimov,Consumer,Kazakhstan,Almaty,FUR-2002,Hündürlüyü tənzimlənən masa,Furniture,2156.17,4,0,222.02
ORD-50403,2023-11-20,2023-11-25,Standard Class,C-1065,Aidos Karimov,Consumer,Kazakhstan,Almaty,TEC-1001,Logitech MX Master 3S,Technology,1006.61,8,0,306.31
ORD-50404,2023-11-21,2023-11-28,Standard Class,C-1040,Kənan Karimov,Consumer,Turkey,Ankara,FUR-2002,Hündürlüyü tənzimlənən masa,Furniture,553.32,1,0,41.54
ORD-50404,2023-11-21,2023-11-27,Standard Class,C-1040,Kənan Karimov,Consumer,Turkey,Ankara,FUR-2004,Konfrans masası,Furniture,2687.57,3,0,218.3
ORD-50405,2023-11-21,2023-11-23,Second Class,C-1088,Emin Əliyev,Corporate,Turkey,Izmir,TEC-1003,HP LaserJet Pro M404,Technology,645.63,2,0,85.66
ORD-50405,2023-11-21,2023-11-23,Second Class,C-1088,Emin Əliyev,Corporate,Turkey,Izmir,TEC-1006,Jabra Evolve2 65,Technology,1777.7,8,0,507.41
ORD-50406,2023-11-22,2023-11-27,Standard Class,C-1011,Can Karimov,Consumer,Turkey,Istanbul,FUR-2001,Ergonomik ofis kreslosu,Furniture,1190.64,4,0,180.87
ORD-50406,2023-11-22,2023-11-26,Standard Class,C-1011,Can Karimov,Consumer,Turkey,Istanbul,FUR-2003,Kitab rəfi 5 bölməli,Furniture,156.59,1,0,16.78
ORD-50406,2023-11-22,2023-11-27,Standard Class,C-1011,Can Karimov,Consumer,Turkey,Istanbul,OFF-3001,A4 kağız (5 paçka),Office Supplies,124.34,6,0.15,16.83
ORD-50407,2023-11-22,2023-11-24,Second Class,C-1009,Madina Kaya,Small Business,Kazakhstan,Astana,OFF-3004,Arxiv qovluğu,Office Supplies,63.17,9,0,24.29
ORD-50407,2023-11-22,2023-11-25,Second Class,C-1009,Madina Kaya,Small Business,Kazakhstan,Astana,TEC-1003,HP LaserJet Pro M404,Technology,860.25,3,0.15,-47.13
ORD-50407,2023-11-22,2023-11-26,Second Class,C-1009,Madina Kaya,Small Business,Kazakhstan,Astana,OFF-3004,Arxiv qovluğu,Office Supplies,28.0,4,0,8.49
ORD-50408,2023-11-23,2023-11-26,Second Class,C-1056,Giorgi Yılmaz,Corporate,Georgia,Batumi,TEC-1003,HP LaserJet Pro M404,Technology,780.51,3,0.2,-89.7
ORD-50409,2023-11-23,2023-11-26,First Class,C-1088,Emin Əliyev,Corporate,Turkey,Izmir,OFF-3002,Gel qələm dəsti,Office Supplies,87.68,11,0.1,30.97
ORD-50410,2023-11-23,2023-11-26,Second Class,C-1086,Levan Yılmaz,Consumer,Uzbekistan,Tashkent,TEC-1006,Jabra Evolve2 65,Technology,1327.17,6,0,320.62
ORD-50411,2023-11-24,2023-11-24,Same Day,C-1043,Sevinc Həsənli,Corporate,Azerbaijan,Ganja,TEC-1003,HP LaserJet Pro M404,Technology,1657.94,5,0,237.93
ORD-50412,2023-11-25,2023-11-26,First Class,C-1061,Zeynep Həsənli,Corporate,Turkey,Izmir,TEC-1004,Lenovo ThinkPad E14,Technology,5766.47,7,0.3,-1658.08
ORD-50413,2023-11-25,2023-12-02,Standard Class,C-1090,Elnur Məmmədli,Corporate,Georgia,Tbilisi,TEC-1004,Lenovo ThinkPad E14,Technology,3452.86,3,0,190.47
ORD-50413,2023-11-25,2023-12-01,Standard Class,C-1090,Elnur Məmmədli,Corporate,Georgia,Tbilisi,TEC-1006,Jabra Evolve2 65,Technology,574.84,3,0.1,50.43
ORD-50414,2023-11-25,2023-11-25,Same Day,C-1041,Lalə Seitkali,Corporate,Azerbaijan,Baku,TEC-1001,Logitech MX Master 3S,Technology,393.1,3,0,128.66
ORD-50414,2023-11-25,2023-11-25,Same Day,C-1041,Lalə Seitkali,Corporate,Azerbaijan,Baku,TEC-1002,Dell 27 Monitor P2723,Technology,928.04,3,0.2,-76.27
ORD-50415,2023-11-26,2023-11-29,First Class,C-1047,Levan Yılmaz,Consumer,Turkey,Istanbul,FUR-2001,Ergonomik ofis kreslosu,Furniture,1982.55,7,0,369.45
ORD-50415,2023-11-26,2023-11-29,First Class,C-1047,Levan Yılmaz,Consumer,Turkey,Istanbul,TEC-1001,Logitech MX Master 3S,Technology,758.2,6,0,180.68
ORD-50415,2023-11-26,2023-11-29,First Class,C-1047,Levan Yılmaz,Consumer,Turkey,Istanbul,FUR-2004,Konfrans masası,Furniture,894.01,1,0,67.53
ORD-50416,2023-11-27,2023-11-30,First Class,C-1106,Levan Əliyev,Consumer,Kazakhstan,Almaty,TEC-1001,Logitech MX Master 3S,Technology,378.63,3,0,103.21
ORD-50417,2023-11-27,2023-12-04,Standard Class,C-1030,Kənan Abdullayev,Consumer,Uzbekistan,Tashkent,OFF-3004,Arxiv qovluğu,Office Supplies,14.25,2,0,5.9
ORD-50418,2023-11-28,2023-12-02,Second Class,C-1116,Elif Karimov,Consumer,Azerbaijan,Baku,TEC-1002,Dell 27 Monitor P2723,Technology,378.02,1,0,53.86
ORD-50419,2023-11-29,2023-11-29,Same Day,C-1021,Can Əliyev,Corporate,Turkey,Ankara,TEC-1006,Jabra Evolve2 65,Technology,565.68,3,0.15,32.53
ORD-50419,2023-11-29,2023-11-29,Same Day,C-1021,Can Əliyev,Corporate,Turkey,Ankara,OFF-3001,A4 kağız (5 paçka),Office Supplies,191.77,8,0,60.6
ORD-50420,2023-11-30,2023-12-06,Standard Class,C-1040,Kənan Karimov,Consumer,Turkey,Ankara,TEC-1005,Samsung T7 SSD 1TB,Technology,657.66,5,0.05,125.44
ORD-50420,2023-11-30,2023-12-06,Standard Class,C-1040,Kənan Karimov,Consumer,Turkey,Ankara,TEC-1004,Lenovo ThinkPad E14,Technology,2233.09,2,0,292.1
ORD-50421,2023-12-01,2023-12-08,Standard Class,C-1070,Gülnar Karimov,Consumer,Turkey,Istanbul,TEC-1004,Lenovo ThinkPad E14,Technology,4585.93,4,0,599.12
ORD-50422,2023-12-02,2023-12-06,Standard Class,C-1077,Ruslan Həsənli,Corporate,Azerbaijan,Sumgait,OFF-3004,Arxiv qovluğu,Office Supplies,42.96,6,0,18.63
ORD-50423,2023-12-02,2023-12-03,First Class,C-1113,Levan Usmonova,Consumer,Kazakhstan,Almaty,TEC-1002,Dell 27 Monitor P2723,Technology,1514.39,4,0,234.79
ORD-50424,2023-12-03,2023-12-10,Standard Class,C-1061,Zeynep Həsənli,Corporate,Turkey,Izmir,TEC-1004,Lenovo ThinkPad E14,Technology,6334.37,6,0.1,247.92
ORD-50424,2023-12-03,2023-12-10,Standard Class,C-1061,Zeynep Həsənli,Corporate,Turkey,Izmir,OFF-3002,Gel qələm dəsti,Office Supplies,50.46,7,0.2,10.74
ORD-50425,2023-12-04,2023-12-08,Standard Class,C-1072,Elnur Demir,Consumer,Turkey,Istanbul,FUR-2002,Hündürlüyü tənzimlənən masa,Furniture,2260.56,4,0,218.99
ORD-50425,2023-12-04,2023-12-10,Standard Class,C-1072,Elnur Demir,Consumer,Turkey,Istanbul,OFF-3002,Gel qələm dəsti,Office Supplies,54.7,6,0,22.57
ORD-50426,2023-12-05,2023-12-05,Same Day,C-1086,Levan Yılmaz,Consumer,Uzbekistan,Tashkent,TEC-1002,Dell 27 Monitor P2723,Technology,1198.2,3,0,269.3
ORD-50426,2023-12-05,2023-12-05,Same Day,C-1086,Levan Yılmaz,Consumer,Uzbekistan,Tashkent,FUR-2003,Kitab rəfi 5 bölməli,Furniture,651.73,4,0,68.92
ORD-50427,2023-12-05,2023-12-08,First Class,C-1029,Anar Karimov,Corporate,Turkey,Ankara,FUR-2003,Kitab rəfi 5 bölməli,Furniture,1014.2,8,0.2,-214.26
ORD-50427,2023-12-05,2023-12-07,First Class,C-1029,Anar Karimov,Corporate,Turkey,Ankara,TEC-1002,Dell 27 Monitor P2723,Technology,1119.82,4,0.3,-226.48
ORD-50427,2023-12-05,2023-12-06,First Class,C-1029,Anar Karimov,Corporate,Turkey,Ankara,OFF-3005,Ağ lövhə 120x90,Office Supplies,540.39,10,0.3,-106.73
ORD-50428,2023-12-05,2023-12-09,Standard Class,C-1058,Madina Demir,Consumer,Turkey,Ankara,FUR-2001,Ergonomik ofis kreslosu,Furniture,467.71,2,0.2,-28.28
ORD-50428,2023-12-05,2023-12-09,Standard Class,C-1058,Madina Demir,Consumer,Turkey,Ankara,FUR-2003,Kitab rəfi 5 bölməli,Furniture,228.3,2,0.3,-66.1
ORD-50428,2023-12-05,2023-12-10,Standard Class,C-1058,Madina Demir,Consumer,Turkey,Ankara,TEC-1006,Jabra Evolve2 65,Technology,889.76,4,0,212.62
ORD-50429,2023-12-06,2023-12-10,Standard Class,C-1046,Lalə Nurlanov,Consumer,Azerbaijan,Ganja,TEC-1004,Lenovo ThinkPad E14,Technology,4574.44,4,0,638.07
ORD-50429,2023-12-06,2023-12-12,Standard Class,C-1046,Lalə Nurlanov,Consumer,Azerbaijan,Ganja,TEC-1005,Samsung T7 SSD 1TB,Technology,977.41,7,0,335.3
ORD-50429,2023-12-06,2023-12-11,Standard Class,C-1046,Lalə Nurlanov,Consumer,Azerbaijan,Ganja,TEC-1003,HP LaserJet Pro M404,Technology,1004.26,3,0,195.88
ORD-50430,2023-12-06,2023-12-11,Standard Class,C-1112,Zeynep Həsənli,Consumer,Uzbekistan,Tashkent,TEC-1003,HP LaserJet Pro M404,Technology,325.39,1,0,41.12
ORD-50430,2023-12-06,2023-12-10,Standard Class,C-1112,Zeynep Həsənli,Consumer,Uzbekistan,Tashkent,TEC-1001,Logitech MX Master 3S,Technology,742.43,8,0.3,-114.87
ORD-50431,2023-12-07,2023-12-12,Standard Class,C-1068,Elnur Abdullayev,Consumer,Georgia,Batumi,TEC-1001,Logitech MX Master 3S,Technology,928.95,7,0,244.41
ORD-50432,2023-12-08,2023-12-10,First Class,C-1065,Aidos Karimov,Consumer,Kazakhstan,Almaty,FUR-2002,Hündürlüyü tənzimlənən masa,Furniture,540.2,1,0,35.53
ORD-50432,2023-12-08,2023-12-11,First Class,C-1065,Aidos Karimov,Consumer,Kazakhstan,Almaty,TEC-1006,Jabra Evolve2 65,Technology,1994.61,9,0,471.67
ORD-50432,2023-12-08,2023-12-11,First Class,C-1065,Aidos Karimov,Consumer,Kazakhstan,Almaty,TEC-1004,Lenovo ThinkPad E14,Technology,1118.65,1,0,229.7
ORD-50433,2023-12-09,2023-12-13,Standard Class,C-1068,Elnur Abdullayev,Consumer,Georgia,Batumi,TEC-1003,HP LaserJet Pro M404,Technology,466.4,2,0.3,-88.32
ORD-50433,2023-12-09,2023-12-13,Standard Class,C-1068,Elnur Abdullayev,Consumer,Georgia,Batumi,TEC-1002,Dell 27 Monitor P2723,Technology,1150.89,3,0,208.71
ORD-50434,2023-12-09,2023-12-14,Standard Class,C-1006,Zeynep Həsənli,Consumer,Kazakhstan,Almaty,TEC-1003,HP LaserJet Pro M404,Technology,1342.65,4,0,206.84
ORD-50434,2023-12-09,2023-12-16,Standard Class,C-1006,Zeynep Həsənli,Consumer,Kazakhstan,Almaty,TEC-1002,Dell 27 Monitor P2723,Technology,645.23,2,0.15,-13.47
ORD-50435,2023-12-11,2023-12-14,First Class,C-1023,Aytən Nurlanov,Corporate,Turkey,Izmir,FUR-2004,Konfrans masası,Furniture,4531.41,5,0,235.03
ORD-50435,2023-12-11,2023-12-13,First Class,C-1023,Aytən Nurlanov,Corporate,Turkey,Izmir,FUR-2001,Ergonomik ofis kreslosu,Furniture,885.77,3,0,137.43
ORD-50436,2023-12-11,2023-12-13,First Class,C-1046,Lalə Nurlanov,Consumer,Azerbaijan,Ganja,FUR-2001,Ergonomik ofis kreslosu,Furniture,1819.14,7,0.1,16.18
ORD-50436,2023-12-11,2023-12-14,First Class,C-1046,Lalə Nurlanov,Consumer,Azerbaijan,Ganja,OFF-3005,Ağ lövhə 120x90,Office Supplies,239.37,3,0,45.65
ORD-50437,2023-12-12,2023-12-18,Standard Class,C-1113,Levan Usmonova,Consumer,Kazakhstan,Almaty,OFF-3005,Ağ lövhə 120x90,Office Supplies,242.66,3,0,52.72
ORD-50437,2023-12-12,2023-12-16,Standard Class,C-1113,Levan Usmonova,Consumer,Kazakhstan,Almaty,OFF-3005,Ağ lövhə 120x90,Office Supplies,155.21,2,0,35.32
ORD-50438,2023-12-12,2023-12-17,Standard Class,C-1021,Can Əliyev,Corporate,Turkey,Ankara,TEC-1002,Dell 27 Monitor P2723,Technology,1517.77,4,0,237.04
ORD-50438,2023-12-12,2023-12-16,Standard Class,C-1021,Can Əliyev,Corporate,Turkey,Ankara,TEC-1001,Logitech MX Master 3S,Technology,1394.51,11,0,490.46
ORD-50439,2023-12-12,2023-12-18,Standard Class,C-1068,Elnur Abdullayev,Consumer,Georgia,Batumi,OFF-3004,Arxiv qovluğu,Office Supplies,41.94,6,0,14.8
ORD-50440,2023-12-13,2023-12-16,Second Class,C-1015,Elif Həsənli,Corporate,Azerbaijan,Sumgait,FUR-2003,Kitab rəfi 5 bölməli,Furniture,1572.6,10,0,140.42
ORD-50441,2023-12-13,2023-12-20,Standard Class,C-1015,Elif Həsənli,Corporate,Azerbaijan,Sumgait,FUR-2002,Hündürlüyü tənzimlənən masa,Furniture,532.91,1,0,62.46
ORD-50441,2023-12-13,2023-12-19,Standard Class,C-1015,Elif Həsənli,Corporate,Azerbaijan,Sumgait,TEC-1001,Logitech MX Master 3S,Technology,585.21,5,0.1,106.76
ORD-50442,2023-12-14,2023-12-20,Standard Class,C-1096,Mehman Abdullayev,Consumer,Azerbaijan,Ganja,FUR-2002,Hündürlüyü tənzimlənən masa,Furniture,1690.34,3,0,167.67
ORD-50442,2023-12-14,2023-12-18,Standard Class,C-1096,Mehman Abdullayev,Consumer,Azerbaijan,Ganja,FUR-2001,Ergonomik ofis kreslosu,Furniture,1752.65,6,0,321.75
ORD-50443,2023-12-15,2023-12-19,Standard Class,C-1052,Zaur Məmmədli,Consumer,Uzbekistan,Tashkent,OFF-3002,Gel qələm dəsti,Office Supplies,42.48,5,0.05,17.31
ORD-50443,2023-12-15,2023-12-20,Standard Class,C-1052,Zaur Məmmədli,Consumer,Uzbekistan,Tashkent,FUR-2001,Ergonomik ofis kreslosu,Furniture,1977.66,7,0,304.54
ORD-50444,2023-12-16,2023-12-18,Second Class,C-1106,Levan Əliyev,Consumer,Kazakhstan,Almaty,TEC-1005,Samsung T7 SSD 1TB,Technology,139.58,1,0,45.58
ORD-50444,2023-12-16,2023-12-19,Second Class,C-1106,Levan Əliyev,Consumer,Kazakhstan,Almaty,TEC-1001,Logitech MX Master 3S,Technology,129.73,1,0,39.36
ORD-50445,2023-12-17,2023-12-23,Standard Class,C-1085,Lalə Əliyev,Consumer,Azerbaijan,Baku,TEC-1002,Dell 27 Monitor P2723,Technology,1178.0,3,0,218.14
ORD-50446,2023-12-17,2023-12-20,Second Class,C-1054,Zaur Əliyev,Corporate,Kazakhstan,Astana,TEC-1004,Lenovo ThinkPad E14,Technology,6564.33,6,0.05,333.3
ORD-50447,2023-12-18,2023-12-22,Standard Class,C-1106,Levan Əliyev,Consumer,Kazakhstan,Almaty,FUR-2004,Konfrans masası,Furniture,879.63,1,0,13.01
ORD-50448,2023-12-19,2023-12-22,Second Class,C-1115,Zaur Məmmədli,Consumer,Azerbaijan,Baku,OFF-3002,Gel qələm dəsti,Office Supplies,45.79,5,0,21.35
ORD-50449,2023-12-19,2023-12-24,Standard Class,C-1106,Levan Əliyev,Consumer,Kazakhstan,Almaty,TEC-1005,Samsung T7 SSD 1TB,Technology,777.03,7,0.2,38.66
ORD-50449,2023-12-19,2023-12-23,Standard Class,C-1106,Levan Əliyev,Consumer,Kazakhstan,Almaty,FUR-2002,Hündürlüyü tənzimlənən masa,Furniture,2258.89,4,0,245.04
ORD-50450,2023-12-19,2023-12-23,Standard Class,C-1071,Kənan Usmonova,Consumer,Georgia,Batumi,TEC-1002,Dell 27 Monitor P2723,Technology,311.34,1,0.2,-27.92
ORD-50450,2023-12-19,2023-12-25,Standard Class,C-1071,Kənan Usmonova,Consumer,Georgia,Batumi,FUR-2001,Ergonomik ofis kreslosu,Furniture,1727.79,6,0,291.22
ORD-50451,2023-12-20,2023-12-24,Second Class,C-1078,Madina Məmmədli,Consumer,Turkey,Ankara,FUR-2003,Kitab rəfi 5 bölməli,Furniture,1143.53,7,0,65.32
ORD-50452,2023-12-21,2023-12-23,Second Class,C-1113,Levan Usmonova,Consumer,Kazakhstan,Almaty,OFF-3002,Gel qələm dəsti,Office Supplies,63.58,8,0.1,20.02
ORD-50452,2023-12-21,2023-12-23,Second Class,C-1113,Levan Usmonova,Consumer,Kazakhstan,Almaty,OFF-3002,Gel qələm dəsti,Office Supplies,9.05,1,0,4.26
ORD-50453,2023-12-22,2023-12-26,Second Class,C-1054,Zaur Əliyev,Corporate,Kazakhstan,Astana,OFF-3004,Arxiv qovluğu,Office Supplies,21.35,3,0,9.04
ORD-50454,2023-12-22,2023-12-28,Standard Class,C-1009,Madina Kaya,Small Business,Kazakhstan,Astana,TEC-1002,Dell 27 Monitor P2723,Technology,1554.81,4,0,191.95
ORD-50455,2023-12-23,2023-12-26,First Class,C-1066,Zaur Demir,Small Business,Azerbaijan,Baku,OFF-3004,Arxiv qovluğu,Office Supplies,22.05,4,0.2,3.47
ORD-50456,2023-12-23,2023-12-24,First Class,C-1051,Nino Seitkali,Corporate,Kazakhstan,Almaty,TEC-1001,Logitech MX Master 3S,Technology,626.28,5,0,172.76
ORD-50456,2023-12-23,2023-12-26,First Class,C-1051,Nino Seitkali,Corporate,Kazakhstan,Almaty,OFF-3005,Ağ lövhə 120x90,Office Supplies,484.44,7,0.1,62.41
ORD-50457,2023-12-24,2023-12-29,Standard Class,C-1037,Levan Beridze,Consumer,Georgia,Tbilisi,OFF-3003,Stepler və ştapellər,Office Supplies,62.1,6,0.3,0.17
ORD-50457,2023-12-24,2023-12-31,Standard Class,C-1037,Levan Beridze,Consumer,Georgia,Tbilisi,FUR-2002,Hündürlüyü tənzimlənən masa,Furniture,1129.42,2,0,93.53
ORD-50457,2023-12-24,2023-12-29,Standard Class,C-1037,Levan Beridze,Consumer,Georgia,Tbilisi,FUR-2004,Konfrans masası,Furniture,2762.81,3,0,193.03
ORD-50458,2023-12-24,2023-12-26,Second Class,C-1109,Gülnar Beridze,Consumer,Azerbaijan,Sumgait,FUR-2004,Konfrans masası,Furniture,3342.63,4,0.05,48.38
ORD-50459,2023-12-25,2023-12-26,First Class,C-1078,Madina Məmmədli,Consumer,Turkey,Ankara,TEC-1001,Logitech MX Master 3S,Technology,913.79,7,0,258.21
ORD-50459,2023-12-25,2023-12-27,First Class,C-1078,Madina Məmmədli,Consumer,Turkey,Ankara,TEC-1003,HP LaserJet Pro M404,Technology,1315.71,4,0,206.68
ORD-50460,2023-12-25,2023-12-31,Standard Class,C-1004,Zaur Quliyeva,Small Business,Turkey,Istanbul,OFF-3003,Stepler və ştapellər,Office Supplies,55.03,4,0.1,15.11
ORD-50460,2023-12-25,2023-12-29,Standard Class,C-1004,Zaur Quliyeva,Small Business,Turkey,Istanbul,TEC-1005,Samsung T7 SSD 1TB,Technology,121.13,1,0.15,10.66
ORD-50461,2023-12-26,2023-12-30,Standard Class,C-1023,Aytən Nurlanov,Corporate,Turkey,Izmir,OFF-3004,Arxiv qovluğu,Office Supplies,16.77,3,0.2,2.21
ORD-50461,2023-12-26,2024-01-01,Standard Class,C-1023,Aytən Nurlanov,Corporate,Turkey,Izmir,OFF-3002,Gel qələm dəsti,Office Supplies,69.8,8,0.05,22.56
ORD-50461,2023-12-26,2024-01-01,Standard Class,C-1023,Aytən Nurlanov,Corporate,Turkey,Izmir,TEC-1001,Logitech MX Master 3S,Technology,1066.27,9,0.1,153.88
ORD-50462,2023-12-26,2023-12-30,Standard Class,C-1067,Elif Seitkali,Corporate,Turkey,Istanbul,OFF-3001,A4 kağız (5 paçka),Office Supplies,75.8,4,0.2,7.97
ORD-50463,2023-12-27,2024-01-02,Standard Class,C-1104,Aidos Abdullayev,Small Business,Turkey,Ankara,TEC-1006,Jabra Evolve2 65,Technology,447.41,3,0.3,-50.92
ORD-50463,2023-12-27,2023-12-31,Standard Class,C-1104,Aidos Abdullayev,Small Business,Turkey,Ankara,TEC-1004,Lenovo ThinkPad E14,Technology,3267.93,3,0.05,162.52
ORD-50464,2023-12-28,2023-12-29,First Class,C-1054,Zaur Əliyev,Corporate,Kazakhstan,Astana,FUR-2002,Hündürlüyü tənzimlənən masa,Furniture,990.77,2,0.1,14.91
ORD-50465,2023-12-28,2024-01-03,Standard Class,C-1022,Zaur Quliyeva,Consumer,Turkey,Ankara,TEC-1003,HP LaserJet Pro M404,Technology,1283.03,4,0.05,133.51
ORD-50465,2023-12-28,2024-01-04,Standard Class,C-1022,Zaur Quliyeva,Consumer,Turkey,Ankara,FUR-2003,Kitab rəfi 5 bölməli,Furniture,159.25,1,0,13.38
ORD-50466,2023-12-28,2024-01-03,Standard Class,C-1102,Can Həsənli,Corporate,Turkey,Izmir,OFF-3003,Stepler və ştapellər,Office Supplies,60.62,4,0,21.93
ORD-50466,2023-12-28,2024-01-02,Standard Class,C-1102,Can Həsənli,Corporate,Turkey,Izmir,TEC-1004,Lenovo ThinkPad E14,Technology,3369.39,3,0,603.55
ORD-50466,2023-12-28,2024-01-03,Standard Class,C-1102,Can Həsənli,Corporate,Turkey,Izmir,TEC-1002,Dell 27 Monitor P2723,Technology,1977.4,5,0,383.84
ORD-50467,2023-12-28,2024-01-03,Standard Class,C-1099,Giorgi Nurlanov,Corporate,Georgia,Tbilisi,OFF-3003,Stepler və ştapellər,Office Supplies,58.82,4,0,21.75
ORD-50467,2023-12-28,2024-01-01,Standard Class,C-1099,Giorgi Nurlanov,Corporate,Georgia,Tbilisi,TEC-1001,Logitech MX Master 3S,Technology,913.8,7,0,283.74
ORD-50467,2023-12-28,2024-01-01,Standard Class,C-1099,Giorgi Nurlanov,Corporate,Georgia,Tbilisi,OFF-3005,Ağ lövhə 120x90,Office Supplies,381.04,6,0.2,-0.04
ORD-50468,2023-12-29,2024-01-01,First Class,C-1005,Aruzhan Demir,Corporate,Uzbekistan,Tashkent,TEC-1005,Samsung T7 SSD 1TB,Technology,606.87,5,0.15,51.8
ORD-50468,2023-12-29,2023-12-30,First Class,C-1005,Aruzhan Demir,Corporate,Uzbekistan,Tashkent,OFF-3004,Arxiv qovluğu,Office Supplies,19.01,3,0.1,5.24
ORD-50469,2023-12-30,2024-01-01,First Class,C-1090,Elnur Məmmədli,Corporate,Georgia,Tbilisi,OFF-3001,A4 kağız (5 paçka),Office Supplies,201.4,9,0.05,60.63
ORD-50469,2023-12-30,2024-01-01,First Class,C-1090,Elnur Məmmədli,Corporate,Georgia,Tbilisi,OFF-3003,Stepler və ştapellər,Office Supplies,41.95,3,0.05,16.33
ORD-50469,2023-12-30,2024-01-02,First Class,C-1090,Elnur Məmmədli,Corporate,Georgia,Tbilisi,TEC-1005,Samsung T7 SSD 1TB,Technology,894.05,8,0.2,44.88
ORD-50470,2023-12-30,2023-12-30,Same Day,C-1104,Aidos Abdullayev,Small Business,Turkey,Ankara,TEC-1004,Lenovo ThinkPad E14,Technology,1623.04,2,0.3,-347.64
ORD-50470,2023-12-30,2023-12-30,Same Day,C-1104,Aidos Abdullayev,Small Business,Turkey,Ankara,TEC-1003,HP LaserJet Pro M404,Technology,309.44,1,0.05,21.25
ORD-50471,2023-12-30,2023-12-31,First Class,C-1028,Elif Nurlanov,Small Business,Turkey,Istanbul,OFF-3003,Stepler və ştapellər,Office Supplies,45.08,3,0,19.21
ORD-50472,2023-12-31,2024-01-04,Second Class,C-1026,Aidos Məmmədli,Consumer,Turkey,Istanbul,FUR-2001,Ergonomik ofis kreslosu,Furniture,887.6,3,0,153.09
ORD-50472,2023-12-31,2024-01-02,Second Class,C-1026,Aidos Məmmədli,Consumer,Turkey,Istanbul,FUR-2002,Hündürlüyü tənzimlənən masa,Furniture,1007.43,2,0.1,-28.48
ORD-50472,2023-12-31,2024-01-03,Second Class,C-1026,Aidos Məmmədli,Consumer,Turkey,Istanbul,TEC-1002,Dell 27 Monitor P2723,Technology,1160.79,3,0,193.24
ORD-50473,2024-01-02,2024-01-06,Standard Class,C-1028,Elif Nurlanov,Small Business,Turkey,Istanbul,OFF-3002,Gel qələm dəsti,Office Supplies,30.91,5,0.3,1.62
ORD-50473,2024-01-02,2024-01-06,Standard Class,C-1028,Elif Nurlanov,Small Business,Turkey,Istanbul,FUR-2001,Ergonomik ofis kreslosu,Furniture,279.19,1,0.05,30.68
ORD-50474,2024-01-03,2024-01-06,Second Class,C-1096,Mehman Abdullayev,Consumer,Azerbaijan,Ganja,OFF-3005,Ağ lövhə 120x90,Office Supplies,381.02,5,0.05,72.33
ORD-50474,2024-01-03,2024-01-07,Second Class,C-1096,Mehman Abdullayev,Consumer,Azerbaijan,Ganja,TEC-1001,Logitech MX Master 3S,Technology,1109.96,9,0.05,231.57
ORD-50475,2024-01-03,2024-01-06,Second Class,C-1063,Mehmet Kaya,Consumer,Turkey,Istanbul,OFF-3002,Gel qələm dəsti,Office Supplies,59.27,7,0.05,21.28
ORD-50475,2024-01-03,2024-01-05,Second Class,C-1063,Mehmet Kaya,Consumer,Turkey,Istanbul,OFF-3004,Arxiv qovluğu,Office Supplies,21.39,3,0,7.82
ORD-50476,2024-01-04,2024-01-09,Standard Class,C-1028,Elif Nurlanov,Small Business,Turkey,Istanbul,FUR-2002,Hündürlüyü tənzimlənən masa,Furniture,2237.5,4,0,215.49
ORD-50477,2024-01-05,2024-01-12,Standard Class,C-1028,Elif Nurlanov,Small Business,Turkey,Istanbul,FUR-2003,Kitab rəfi 5 bölməli,Furniture,780.98,5,0,31.54
ORD-50478,2024-01-07,2024-01-11,Second Class,C-1056,Giorgi Yılmaz,Corporate,Georgia,Batumi,TEC-1005,Samsung T7 SSD 1TB,Technology,546.45,4,0,153.05
ORD-50479,2024-01-08,2024-01-14,Standard Class,C-1106,Levan Əliyev,Consumer,Kazakhstan,Almaty,TEC-1006,Jabra Evolve2 65,Technology,1979.45,9,0,412.66
ORD-50479,2024-01-08,2024-01-13,Standard Class,C-1106,Levan Əliyev,Consumer,Kazakhstan,Almaty,OFF-3003,Stepler və ştapellər,Office Supplies,74.76,5,0,30.03
ORD-50480,2024-01-09,2024-01-12,Second Class,C-1040,Kənan Karimov,Consumer,Turkey,Ankara,FUR-2003,Kitab rəfi 5 bölməli,Furniture,660.41,6,0.3,-184.32
ORD-50481,2024-01-11,2024-01-15,Standard Class,C-1031,Sevinc Həsənli,Corporate,Turkey,Ankara,TEC-1001,Logitech MX Master 3S,Technology,1323.49,11,0.05,264.45
ORD-50481,2024-01-11,2024-01-16,Standard Class,C-1031,Sevinc Həsənli,Corporate,Turkey,Ankara,OFF-3002,Gel qələm dəsti,Office Supplies,39.17,5,0.15,10.95
ORD-50481,2024-01-11,2024-01-15,Standard Class,C-1031,Sevinc Həsənli,Corporate,Turkey,Ankara,TEC-1002,Dell 27 Monitor P2723,Technology,1190.03,3,0,205.1
ORD-50482,2024-01-12,2024-01-17,Standard Class,C-1078,Madina Məmmədli,Consumer,Turkey,Ankara,OFF-3002,Gel qələm dəsti,Office Supplies,17.56,2,0,7.52
ORD-50482,2024-01-12,2024-01-17,Standard Class,C-1078,Madina Məmmədli,Consumer,Turkey,Ankara,TEC-1004,Lenovo ThinkPad E14,Technology,4693.61,4,0,481.65
ORD-50483,2024-01-13,2024-01-18,Standard Class,C-1096,Mehman Abdullayev,Consumer,Azerbaijan,Ganja,OFF-3004,Arxiv qovluğu,Office Supplies,14.06,2,0,4.53
ORD-50484,2024-01-13,2024-01-15,First Class,C-1024,Bekzod Demir,Consumer,Uzbekistan,Samarkand,FUR-2001,Ergonomik ofis kreslosu,Furniture,1441.22,5,0,178.95
ORD-50485,2024-01-14,2024-01-20,Standard Class,C-1025,Zaur Quliyeva,Consumer,Georgia,Batumi,OFF-3003,Stepler və ştapellər,Office Supplies,107.44,7,0,47.69
ORD-50485,2024-01-14,2024-01-18,Standard Class,C-1025,Zaur Quliyeva,Consumer,Georgia,Batumi,TEC-1004,Lenovo ThinkPad E14,Technology,1149.32,1,0,169.36
ORD-50485,2024-01-14,2024-01-20,Standard Class,C-1025,Zaur Quliyeva,Consumer,Georgia,Batumi,TEC-1005,Samsung T7 SSD 1TB,Technology,1105.36,8,0,362.92
ORD-50486,2024-01-15,2024-01-18,Second Class,C-1064,Can Usmonova,Corporate,Turkey,Izmir,TEC-1004,Lenovo ThinkPad E14,Technology,4882.69,6,0.3,-1245.56
ORD-50486,2024-01-15,2024-01-17,Second Class,C-1064,Can Usmonova,Corporate,Turkey,Izmir,OFF-3003,Stepler və ştapellər,Office Supplies,91.73,6,0,36.7
ORD-50487,2024-01-15,2024-01-20,Standard Class,C-1087,Zeynep Abdullayev,Consumer,Azerbaijan,Baku,TEC-1003,HP LaserJet Pro M404,Technology,668.14,2,0,76.2
ORD-50488,2024-01-17,2024-01-19,Second Class,C-1037,Levan Beridze,Consumer,Georgia,Tbilisi,TEC-1001,Logitech MX Master 3S,Technology,132.38,1,0,26.82
ORD-50489,2024-01-17,2024-01-24,Standard Class,C-1109,Gülnar Beridze,Consumer,Azerbaijan,Sumgait,OFF-3004,Arxiv qovluğu,Office Supplies,46.27,7,0.05,13.69
ORD-50489,2024-01-17,2024-01-23,Standard Class,C-1109,Gülnar Beridze,Consumer,Azerbaijan,Sumgait,TEC-1004,Lenovo ThinkPad E14,Technology,3543.02,3,0,385.32
ORD-50490,2024-01-17,2024-01-20,Second Class,C-1108,Madina Əliyev,Small Business,Azerbaijan,Ganja,FUR-2004,Konfrans masası,Furniture,3680.35,4,0,178.98
ORD-50491,2024-01-18,2024-01-22,Standard Class,C-1081,Bekzod Əliyev,Consumer,Georgia,Batumi,OFF-3001,A4 kağız (5 paçka),Office Supplies,215.12,9,0,70.79
ORD-50492,2024-01-19,2024-01-23,Standard Class,C-1071,Kənan Usmonova,Consumer,Georgia,Batumi,OFF-3003,Stepler və ştapellər,Office Supplies,137.91,9,0,57.26
ORD-50492,2024-01-19,2024-01-25,Standard Class,C-1071,Kənan Usmonova,Consumer,Georgia,Batumi,OFF-3001,A4 kağız (5 paçka),Office Supplies,187.41,8,0,65.99
ORD-50493,2024-01-19,2024-01-19,Same Day,C-1032,Zaur Məmmədli,Corporate,Azerbaijan,Baku,FUR-2003,Kitab rəfi 5 bölməli,Furniture,1180.16,9,0.15,-123.36
ORD-50493,2024-01-19,2024-01-19,Same Day,C-1032,Zaur Məmmədli,Corporate,Azerbaijan,Baku,FUR-2003,Kitab rəfi 5 bölməli,Furniture,801.3,5,0,48.19
ORD-50494,2024-01-20,2024-01-23,First Class,C-1018,Nino Abdullayev,Small Business,Turkey,Izmir,FUR-2002,Hündürlüyü tənzimlənən masa,Furniture,1657.95,3,0,122.2
ORD-50495,2024-01-20,2024-01-24,Standard Class,C-1015,Elif Həsənli,Corporate,Azerbaijan,Sumgait,OFF-3004,Arxiv qovluğu,Office Supplies,82.01,12,0,33.36
ORD-50496,2024-01-21,2024-01-25,Standard Class,C-1030,Kənan Abdullayev,Consumer,Uzbekistan,Tashkent,OFF-3005,Ağ lövhə 120x90,Office Supplies,566.28,7,0,88.54
ORD-50497,2024-01-21,2024-01-23,First Class,C-1030,Kənan Abdullayev,Consumer,Uzbekistan,Tashkent,FUR-2001,Ergonomik ofis kreslosu,Furniture,858.99,3,0,129.18
ORD-50497,2024-01-21,2024-01-23,First Class,C-1030,Kənan Abdullayev,Consumer,Uzbekistan,Tashkent,OFF-3005,Ağ lövhə 120x90,Office Supplies,556.93,7,0,131.55
ORD-50498,2024-01-22,2024-01-26,Second Class,C-1030,Kənan Abdullayev,Consumer,Uzbekistan,Tashkent,FUR-2003,Kitab rəfi 5 bölməli,Furniture,1113.03,7,0,123.77
ORD-50498,2024-01-22,2024-01-24,Second Class,C-1030,Kənan Abdullayev,Consumer,Uzbekistan,Tashkent,TEC-1005,Samsung T7 SSD 1TB,Technology,423.78,3,0,122.79
ORD-50498,2024-01-22,2024-01-26,Second Class,C-1030,Kənan Abdullayev,Consumer,Uzbekistan,Tashkent,OFF-3001,A4 kağız (5 paçka),Office Supplies,66.94,3,0.05,19.11
ORD-50499,2024-01-23,2024-01-27,Standard Class,C-1072,Elnur Demir,Consumer,Turkey,Istanbul,TEC-1006,Jabra Evolve2 65,Technology,1553.96,7,0,466.52
ORD-50500,2024-01-23,2024-01-24,First Class,C-1113,Levan Usmonova,Consumer,Kazakhstan,Almaty,FUR-2002,Hündürlüyü tənzimlənən masa,Furniture,1518.95,3,0.05,71.99
ORD-50500,2024-01-23,2024-01-24,First Class,C-1113,Levan Usmonova,Consumer,Kazakhstan,Almaty,FUR-2002,Hündürlüyü tənzimlənən masa,Furniture,902.6,2,0.2,-130.09
ORD-50501,2024-01-24,2024-01-30,Standard Class,C-1104,Aidos Abdullayev,Small Business,Turkey,Ankara,TEC-1005,Samsung T7 SSD 1TB,Technology,968.16,7,0,327.68
ORD-50501,2024-01-24,2024-01-28,Standard Class,C-1104,Aidos Abdullayev,Small Business,Turkey,Ankara,FUR-2004,Konfrans masası,Furniture,3137.07,4,0.15,-482.65
ORD-50502,2024-01-24,2024-01-31,Standard Class,C-1087,Zeynep Abdullayev,Consumer,Azerbaijan,Baku,FUR-2001,Ergonomik ofis kreslosu,Furniture,2324.95,9,0.1,152.98
ORD-50503,2024-01-25,2024-01-30,Standard Class,C-1011,Can Karimov,Consumer,Turkey,Istanbul,FUR-2001,Ergonomik ofis kreslosu,Furniture,958.11,4,0.15,-36.43
ORD-50504,2024-01-25,2024-01-25,Same Day,C-1004,Zaur Quliyeva,Small Business,Turkey,Istanbul,TEC-1001,Logitech MX Master 3S,Technology,651.26,5,0,202.55
ORD-50505,2024-01-26,2024-01-28,First Class,C-1047,Levan Yılmaz,Consumer,Turkey,Istanbul,FUR-2002,Hündürlüyü tənzimlənən masa,Furniture,983.59,2,0.1,18.83
ORD-50506,2024-01-27,2024-01-29,First Class,C-1035,Aruzhan Əliyev,Corporate,Azerbaijan,Ganja,FUR-2003,Kitab rəfi 5 bölməli,Furniture,876.69,7,0.2,-122.95
ORD-50507,2024-01-28,2024-02-02,Standard Class,C-1011,Can Karimov,Consumer,Turkey,Istanbul,OFF-3005,Ağ lövhə 120x90,Office Supplies,405.32,5,0,91.29
ORD-50508,2024-01-29,2024-01-29,Same Day,C-1066,Zaur Demir,Small Business,Azerbaijan,Baku,TEC-1001,Logitech MX Master 3S,Technology,307.37,3,0.2,0.37
ORD-50509,2024-01-31,2024-02-05,Standard Class,C-1051,Nino Seitkali,Corporate,Kazakhstan,Almaty,TEC-1004,Lenovo ThinkPad E14,Technology,2245.65,2,0,263.59
ORD-50510,2024-01-31,2024-02-06,Standard Class,C-1085,Lalə Əliyev,Consumer,Azerbaijan,Baku,OFF-3003,Stepler və ştapellər,Office Supplies,91.42,6,0,41.47
ORD-50510,2024-01-31,2024-02-06,Standard Class,C-1085,Lalə Əliyev,Consumer,Azerbaijan,Baku,TEC-1004,Lenovo ThinkPad E14,Technology,3509.42,3,0,273.48
ORD-50511,2024-01-31,2024-02-02,Second Class,C-1032,Zaur Məmmədli,Corporate,Azerbaijan,Baku,TEC-1003,HP LaserJet Pro M404,Technology,305.95,1,0.05,33.52
ORD-50512,2024-02-02,2024-02-07,Standard Class,C-1103,Zeynep Abdullayev,Corporate,Kazakhstan,Astana,FUR-2003,Kitab rəfi 5 bölməli,Furniture,1147.71,8,0.1,-85.51
ORD-50513,2024-02-03,2024-02-05,Second Class,C-1021,Can Əliyev,Corporate,Turkey,Ankara,OFF-3005,Ağ lövhə 120x90,Office Supplies,501.41,7,0.1,61.33
ORD-50514,2024-02-03,2024-02-08,Standard Class,C-1032,Zaur Məmmədli,Corporate,Azerbaijan,Baku,OFF-3002,Gel qələm dəsti,Office Supplies,59.55,8,0.15,14.95
ORD-50514,2024-02-03,2024-02-10,Standard Class,C-1032,Zaur Məmmədli,Corporate,Azerbaijan,Baku,OFF-3001,A4 kağız (5 paçka),Office Supplies,20.42,1,0.15,3.21
ORD-50515,2024-02-04,2024-02-09,Standard Class,C-1014,Elnur Yılmaz,Consumer,Turkey,Izmir,OFF-3001,A4 kağız (5 paçka),Office Supplies,196.63,8,0,68.63
ORD-50515,2024-02-04,2024-02-08,Standard Class,C-1014,Elnur Yılmaz,Consumer,Turkey,Izmir,OFF-3003,Stepler və ştapellər,Office Supplies,91.3,6,0,40.51
ORD-50515,2024-02-04,2024-02-08,Standard Class,C-1014,Elnur Yılmaz,Consumer,Turkey,Izmir,FUR-2001,Ergonomik ofis kreslosu,Furniture,1178.64,4,0,189.39
ORD-50516,2024-02-06,2024-02-07,First Class,C-1115,Zaur Məmmədli,Consumer,Azerbaijan,Baku,TEC-1006,Jabra Evolve2 65,Technology,1753.33,8,0,435.81
ORD-50517,2024-02-08,2024-02-11,First Class,C-1048,Bekzod Yılmaz,Corporate,Azerbaijan,Ganja,FUR-2004,Konfrans masası,Furniture,4606.19,5,0,564.92
ORD-50518,2024-02-09,2024-02-15,Standard Class,C-1041,Lalə Seitkali,Corporate,Azerbaijan,Baku,TEC-1005,Samsung T7 SSD 1TB,Technology,1013.39,9,0.2,83.85
ORD-50518,2024-02-09,2024-02-15,Standard Class,C-1041,Lalə Seitkali,Corporate,Azerbaijan,Baku,OFF-3004,Arxiv qovluğu,Office Supplies,27.44,5,0.2,4.21
ORD-50519,2024-02-09,2024-02-13,Standard Class,C-1084,Emin Nurlanov,Consumer,Uzbekistan,Samarkand,TEC-1001,Logitech MX Master 3S,Technology,1047.97,8,0,360.64
ORD-50520,2024-02-10,2024-02-13,First Class,C-1022,Zaur Quliyeva,Consumer,Turkey,Ankara,FUR-2003,Kitab rəfi 5 bölməli,Furniture,157.02,1,0,16.16
ORD-50520,2024-02-10,2024-02-11,First Class,C-1022,Zaur Quliyeva,Consumer,Turkey,Ankara,OFF-3002,Gel qələm dəsti,Office Supplies,52.48,6,0,21.28
ORD-50521,2024-02-11,2024-02-13,First Class,C-1024,Bekzod Demir,Consumer,Uzbekistan,Samarkand,TEC-1003,HP LaserJet Pro M404,Technology,883.25,3,0.1,43.58
ORD-50521,2024-02-11,2024-02-13,First Class,C-1024,Bekzod Demir,Consumer,Uzbekistan,Samarkand,OFF-3004,Arxiv qovluğu,Office Supplies,27.08,4,0.05,8.51
ORD-50522,2024-02-12,2024-02-12,Same Day,C-1078,Madina Məmmədli,Consumer,Turkey,Ankara,OFF-3003,Stepler və ştapellər,Office Supplies,15.01,1,0,5.99
ORD-50522,2024-02-12,2024-02-12,Same Day,C-1078,Madina Məmmədli,Consumer,Turkey,Ankara,TEC-1004,Lenovo ThinkPad E14,Technology,2340.53,2,0,337.94
ORD-50523,2024-02-14,2024-02-18,Standard Class,C-1072,Elnur Demir,Consumer,Turkey,Istanbul,OFF-3001,A4 kağız (5 paçka),Office Supplies,191.08,8,0,78.06
ORD-50524,2024-02-15,2024-02-19,Standard Class,C-1009,Madina Kaya,Small Business,Kazakhstan,Astana,OFF-3001,A4 kağız (5 paçka),Office Supplies,133.38,8,0.3,-9.76
ORD-50525,2024-02-16,2024-02-22,Standard Class,C-1011,Can Karimov,Consumer,Turkey,Istanbul,OFF-3004,Arxiv qovluğu,Office Supplies,27.24,4,0,12.36
ORD-50526,2024-02-17,2024-02-24,Standard Class,C-1030,Kənan Abdullayev,Consumer,Uzbekistan,Tashkent,OFF-3001,A4 kağız (5 paçka),Office Supplies,114.89,5,0.05,38.45
ORD-50527,2024-02-18,2024-02-25,Standard Class,C-1111,Nurlan Seitkali,Corporate,Azerbaijan,Baku,FUR-2004,Konfrans masası,Furniture,6140.95,7,0,259.45
ORD-50528,2024-02-18,2024-02-18,Same Day,C-1110,Nurlan Usmonova,Consumer,Turkey,Istanbul,TEC-1004,Lenovo ThinkPad E14,Technology,1142.9,1,0,166.22
ORD-50529,2024-02-19,2024-02-23,Standard Class,C-1021,Can Əliyev,Corporate,Turkey,Ankara,OFF-3001,A4 kağız (5 paçka),Office Supplies,107.33,5,0.1,21.36
ORD-50530,2024-02-20,2024-02-25,Standard Class,C-1064,Can Usmonova,Corporate,Turkey,Izmir,FUR-2003,Kitab rəfi 5 bölməli,Furniture,650.95,4,0,52.3
ORD-50530,2024-02-20,2024-02-26,Standard Class,C-1064,Can Usmonova,Corporate,Turkey,Izmir,TEC-1001,Logitech MX Master 3S,Technology,231.94,2,0.1,36.98
ORD-50531,2024-02-21,2024-02-25,Standard Class,C-1022,Zaur Quliyeva,Consumer,Turkey,Ankara,TEC-1002,Dell 27 Monitor P2723,Technology,794.21,3,0.3,-128.31
ORD-50532,2024-02-22,2024-02-28,Standard Class,C-1052,Zaur Məmmədli,Consumer,Uzbekistan,Tashkent,TEC-1006,Jabra Evolve2 65,Technology,1791.42,8,0,407.17
ORD-50533,2024-02-23,2024-02-23,Same Day,C-1055,Ruslan Usmonova,Small Business,Turkey,Ankara,OFF-3001,A4 kağız (5 paçka),Office Supplies,59.28,3,0.2,6.25
ORD-50533,2024-02-23,2024-02-23,Same Day,C-1055,Ruslan Usmonova,Small Business,Turkey,Ankara,OFF-3001,A4 kağız (5 paçka),Office Supplies,163.4,7,0,59.88
ORD-50534,2024-02-24,2024-02-25,First Class,C-1062,Dilnoza Usmonova,Corporate,Uzbekistan,Samarkand,OFF-3002,Gel qələm dəsti,Office Supplies,35.27,5,0.2,9.01
ORD-50534,2024-02-24,2024-02-25,First Class,C-1062,Dilnoza Usmonova,Corporate,Uzbekistan,Samarkand,OFF-3002,Gel qələm dəsti,Office Supplies,34.56,4,0.05,14.33
ORD-50534,2024-02-24,2024-02-27,First Class,C-1062,Dilnoza Usmonova,Corporate,Uzbekistan,Samarkand,OFF-3001,A4 kağız (5 paçka),Office Supplies,24.07,1,0,8.44
ORD-50535,2024-02-24,2024-02-24,Same Day,C-1096,Mehman Abdullayev,Consumer,Azerbaijan,Ganja,OFF-3005,Ağ lövhə 120x90,Office Supplies,708.88,9,0,164.18
ORD-50536,2024-02-25,2024-03-03,Standard Class,C-1096,Mehman Abdullayev,Consumer,Azerbaijan,Ganja,TEC-1002,Dell 27 Monitor P2723,Technology,311.07,1,0.2,-38.45
ORD-50537,2024-02-27,2024-03-04,Standard Class,C-1097,Elnur Usmonova,Corporate,Azerbaijan,Ganja,FUR-2004,Konfrans masası,Furniture,3699.58,4,0,343.27
ORD-50538,2024-02-28,2024-02-29,First Class,C-1021,Can Əliyev,Corporate,Turkey,Ankara,TEC-1003,HP LaserJet Pro M404,Technology,1918.29,7,0.15,-23.28
ORD-50539,2024-02-29,2024-03-04,Standard Class,C-1060,Aruzhan Nurlanov,Consumer,Azerbaijan,Ganja,TEC-1004,Lenovo ThinkPad E14,Technology,2277.61,2,0,282.63
ORD-50539,2024-02-29,2024-03-04,Standard Class,C-1060,Aruzhan Nurlanov,Consumer,Azerbaijan,Ganja,FUR-2004,Konfrans masası,Furniture,3573.12,4,0,175.18
ORD-50540,2024-03-01,2024-03-06,Standard Class,C-1002,Bekzod Kapanadze,Consumer,Georgia,Batumi,FUR-2004,Konfrans masası,Furniture,623.22,1,0.3,-185.44
ORD-50540,2024-03-01,2024-03-08,Standard Class,C-1002,Bekzod Kapanadze,Consumer,Georgia,Batumi,TEC-1002,Dell 27 Monitor P2723,Technology,1167.96,3,0,193.47
ORD-50541,2024-03-01,2024-03-07,Standard Class,C-1079,Aruzhan Beridze,Corporate,Azerbaijan,Baku,TEC-1001,Logitech MX Master 3S,Technology,878.27,7,0,218.21
ORD-50542,2024-03-01,2024-03-02,First Class,C-1001,Bekzod Usmonova,Consumer,Turkey,Izmir,OFF-3002,Gel qələm dəsti,Office Supplies,63.68,7,0,26.4
ORD-50543,2024-03-02,2024-03-06,Second Class,C-1001,Bekzod Usmonova,Consumer,Turkey,Izmir,FUR-2003,Kitab rəfi 5 bölməli,Furniture,773.95,5,0,42.46
ORD-50543,2024-03-02,2024-03-05,Second Class,C-1001,Bekzod Usmonova,Consumer,Turkey,Izmir,OFF-3004,Arxiv qovluğu,Office Supplies,5.45,1,0.2,1.13
ORD-50543,2024-03-02,2024-03-05,Second Class,C-1001,Bekzod Usmonova,Consumer,Turkey,Izmir,OFF-3004,Arxiv qovluğu,Office Supplies,28.82,5,0.2,5.27
ORD-50544,2024-03-02,2024-03-09,Standard Class,C-1024,Bekzod Demir,Consumer,Uzbekistan,Samarkand,TEC-1006,Jabra Evolve2 65,Technology,1733.95,8,0,343.23
ORD-50544,2024-03-02,2024-03-06,Standard Class,C-1024,Bekzod Demir,Consumer,Uzbekistan,Samarkand,OFF-3005,Ağ lövhə 120x90,Office Supplies,388.54,5,0,91.91
ORD-50544,2024-03-02,2024-03-07,Standard Class,C-1024,Bekzod Demir,Consumer,Uzbekistan,Samarkand,FUR-2002,Hündürlüyü tənzimlənən masa,Furniture,543.23,1,0,85.25
ORD-50545,2024-03-03,2024-03-09,Standard Class,C-1086,Levan Yılmaz,Consumer,Uzbekistan,Tashkent,TEC-1004,Lenovo ThinkPad E14,Technology,4489.28,4,0,786.3
ORD-50545,2024-03-03,2024-03-07,Standard Class,C-1086,Levan Yılmaz,Consumer,Uzbekistan,Tashkent,OFF-3003,Stepler və ştapellər,Office Supplies,49.37,4,0.2,8.09
ORD-50546,2024-03-04,2024-03-11,Standard Class,C-1112,Zeynep Həsənli,Consumer,Uzbekistan,Tashkent,OFF-3002,Gel qələm dəsti,Office Supplies,44.35,5,0,21.41
ORD-50546,2024-03-04,2024-03-09,Standard Class,C-1112,Zeynep Həsənli,Consumer,Uzbekistan,Tashkent,TEC-1005,Samsung T7 SSD 1TB,Technology,1256.89,9,0,434.23
ORD-50547,2024-03-05,2024-03-09,Standard Class,C-1018,Nino Abdullayev,Small Business,Turkey,Izmir,OFF-3004,Arxiv qovluğu,Office Supplies,33.6,5,0.05,10.18
ORD-50547,2024-03-05,2024-03-12,Standard Class,C-1018,Nino Abdullayev,Small Business,Turkey,Izmir,TEC-1005,Samsung T7 SSD 1TB,Technology,1156.13,9,0.1,224.43
ORD-50548,2024-03-05,2024-03-06,First Class,C-1088,Emin Əliyev,Corporate,Turkey,Izmir,TEC-1001,Logitech MX Master 3S,Technology,645.14,5,0,184.81
ORD-50548,2024-03-05,2024-03-07,First Class,C-1088,Emin Əliyev,Corporate,Turkey,Izmir,OFF-3005,Ağ lövhə 120x90,Office Supplies,401.04,5,0,95.33
ORD-50549,2024-03-06,2024-03-08,Second Class,C-1051,Nino Seitkali,Corporate,Kazakhstan,Almaty,FUR-2002,Hündürlüyü tənzimlənən masa,Furniture,2300.05,5,0.15,-159.28
ORD-50549,2024-03-06,2024-03-09,Second Class,C-1051,Nino Seitkali,Corporate,Kazakhstan,Almaty,FUR-2001,Ergonomik ofis kreslosu,Furniture,1311.97,5,0.1,-73.16
ORD-50550,2024-03-06,2024-03-10,Second Class,C-1102,Can Həsənli,Corporate,Turkey,Izmir,TEC-1001,Logitech MX Master 3S,Technology,635.1,5,0,170.21
ORD-50551,2024-03-08,2024-03-15,Standard Class,C-1035,Aruzhan Əliyev,Corporate,Azerbaijan,Ganja,FUR-2002,Hündürlüyü tənzimlənən masa,Furniture,1664.17,3,0,192.45
ORD-50551,2024-03-08,2024-03-15,Standard Class,C-1035,Aruzhan Əliyev,Corporate,Azerbaijan,Ganja,TEC-1004,Lenovo ThinkPad E14,Technology,4718.27,4,0,816.88
ORD-50552,2024-03-08,2024-03-14,Standard Class,C-1117,Mehmet Məmmədli,Corporate,Georgia,Tbilisi,TEC-1006,Jabra Evolve2 65,Technology,1692.33,8,0.05,356.15
ORD-50552,2024-03-08,2024-03-14,Standard Class,C-1117,Mehmet Məmmədli,Corporate,Georgia,Tbilisi,FUR-2001,Ergonomik ofis kreslosu,Furniture,563.64,2,0.05,78.59
ORD-50553,2024-03-09,2024-03-16,Standard Class,C-1116,Elif Karimov,Consumer,Azerbaijan,Baku,FUR-2001,Ergonomik ofis kreslosu,Furniture,584.69,2,0,93.22
ORD-50554,2024-03-09,2024-03-11,First Class,C-1072,Elnur Demir,Consumer,Turkey,Istanbul,OFF-3002,Gel qələm dəsti,Office Supplies,21.06,3,0.2,5.05
ORD-50555,2024-03-10,2024-03-10,Same Day,C-1054,Zaur Əliyev,Corporate,Kazakhstan,Astana,OFF-3002,Gel qələm dəsti,Office Supplies,48.45,6,0.1,14.31
ORD-50555,2024-03-10,2024-03-10,Same Day,C-1054,Zaur Əliyev,Corporate,Kazakhstan,Astana,TEC-1005,Samsung T7 SSD 1TB,Technology,400.94,3,0.05,106.58
ORD-50556,2024-03-11,2024-03-14,Second Class,C-1015,Elif Həsənli,Corporate,Azerbaijan,Sumgait,OFF-3004,Arxiv qovluğu,Office Supplies,51.44,8,0.1,11.41
ORD-50556,2024-03-11,2024-03-15,Second Class,C-1015,Elif Həsənli,Corporate,Azerbaijan,Sumgait,OFF-3004,Arxiv qovluğu,Office Supplies,68.99,10,0,27.41
ORD-50557,2024-03-11,2024-03-17,Standard Class,C-1103,Zeynep Abdullayev,Corporate,Kazakhstan,Astana,TEC-1004,Lenovo ThinkPad E14,Technology,4620.31,4,0,449.64
ORD-50558,2024-03-11,2024-03-16,Standard Class,C-1072,Elnur Demir,Consumer,Turkey,Istanbul,OFF-3001,A4 kağız (5 paçka),Office Supplies,166.86,7,0,51.93
ORD-50559,2024-03-12,2024-03-15,Second Class,C-1103,Zeynep Abdullayev,Corporate,Kazakhstan,Astana,TEC-1006,Jabra Evolve2 65,Technology,900.19,4,0,205.09
ORD-50560,2024-03-13,2024-03-16,Second Class,C-1088,Emin Əliyev,Corporate,Turkey,Izmir,OFF-3002,Gel qələm dəsti,Office Supplies,7.09,1,0.2,1.49
ORD-50560,2024-03-13,2024-03-16,Second Class,C-1088,Emin Əliyev,Corporate,Turkey,Izmir,FUR-2003,Kitab rəfi 5 bölməli,Furniture,892.32,6,0.05,-14.61
ORD-50561,2024-03-14,2024-03-16,Second Class,C-1118,Kənan Quliyeva,Consumer,Georgia,Batumi,TEC-1006,Jabra Evolve2 65,Technology,1739.63,8,0,427.53
ORD-50561,2024-03-14,2024-03-17,Second Class,C-1118,Kənan Quliyeva,Consumer,Georgia,Batumi,OFF-3005,Ağ lövhə 120x90,Office Supplies,231.66,3,0,54.43
ORD-50562,2024-03-14,2024-03-18,Second Class,C-1113,Levan Usmonova,Consumer,Kazakhstan,Almaty,OFF-3002,Gel qələm dəsti,Office Supplies,72.35,9,0.1,27.29
ORD-50563,2024-03-14,2024-03-18,Standard Class,C-1109,Gülnar Beridze,Consumer,Azerbaijan,Sumgait,TEC-1002,Dell 27 Monitor P2723,Technology,336.39,1,0.15,3.11
ORD-50563,2024-03-14,2024-03-21,Standard Class,C-1109,Gülnar Beridze,Consumer,Azerbaijan,Sumgait,FUR-2003,Kitab rəfi 5 bölməli,Furniture,159.71,1,0,16.32
ORD-50563,2024-03-14,2024-03-20,Standard Class,C-1109,Gülnar Beridze,Consumer,Azerbaijan,Sumgait,OFF-3001,A4 kağız (5 paçka),Office Supplies,140.12,6,0,49.35
ORD-50564,2024-03-14,2024-03-14,Same Day,C-1061,Zeynep Həsənli,Corporate,Turkey,Izmir,OFF-3005,Ağ lövhə 120x90,Office Supplies,396.43,5,0,82.62
ORD-50564,2024-03-14,2024-03-14,Same Day,C-1061,Zeynep Həsənli,Corporate,Turkey,Izmir,OFF-3001,A4 kağız (5 paçka),Office Supplies,168.37,10,0.3,-6.29
ORD-50564,2024-03-14,2024-03-14,Same Day,C-1061,Zeynep Həsənli,Corporate,Turkey,Izmir,FUR-2003,Kitab rəfi 5 bölməli,Furniture,761.22,7,0.3,-232.37
ORD-50565,2024-03-15,2024-03-21,Standard Class,C-1080,Sevinc Kaya,Consumer,Azerbaijan,Sumgait,FUR-2004,Konfrans masası,Furniture,3647.38,4,0,154.18
ORD-50565,2024-03-15,2024-03-21,Standard Class,C-1080,Sevinc Kaya,Consumer,Azerbaijan,Sumgait,FUR-2003,Kitab rəfi 5 bölməli,Furniture,647.73,4,0,47.14
ORD-50566,2024-03-17,2024-03-20,Second Class,C-1095,Elnur Karimov,Small Business,Turkey,Istanbul,TEC-1003,HP LaserJet Pro M404,Technology,1130.15,4,0.15,-9.56
ORD-50566,2024-03-17,2024-03-20,Second Class,C-1095,Elnur Karimov,Small Business,Turkey,Istanbul,TEC-1005,Samsung T7 SSD 1TB,Technology,949.9,7,0.05,239.37
ORD-50567,2024-03-17,2024-03-24,Standard Class,C-1104,Aidos Abdullayev,Small Business,Turkey,Ankara,TEC-1006,Jabra Evolve2 65,Technology,413.91,2,0.05,79.5
ORD-50568,2024-03-18,2024-03-22,Second Class,C-1103,Zeynep Abdullayev,Corporate,Kazakhstan,Astana,TEC-1002,Dell 27 Monitor P2723,Technology,683.64,2,0.1,24.93
ORD-50568,2024-03-18,2024-03-21,Second Class,C-1103,Zeynep Abdullayev,Corporate,Kazakhstan,Astana,FUR-2003,Kitab rəfi 5 bölməli,Furniture,378.18,3,0.2,-62.96
ORD-50568,2024-03-18,2024-03-22,Second Class,C-1103,Zeynep Abdullayev,Corporate,Kazakhstan,Astana,TEC-1002,Dell 27 Monitor P2723,Technology,1219.55,4,0.2,-93.95
ORD-50569,2024-03-19,2024-03-22,First Class,C-1040,Kənan Karimov,Consumer,Turkey,Ankara,TEC-1002,Dell 27 Monitor P2723,Technology,1326.3,4,0.15,-16.71
ORD-50569,2024-03-19,2024-03-20,First Class,C-1040,Kənan Karimov,Consumer,Turkey,Ankara,FUR-2002,Hündürlüyü tənzimlənən masa,Furniture,1099.56,2,0,66.48
ORD-50570,2024-03-19,2024-03-23,Standard Class,C-1052,Zaur Məmmədli,Consumer,Uzbekistan,Tashkent,TEC-1006,Jabra Evolve2 65,Technology,1719.91,8,0,441.12
ORD-50570,2024-03-19,2024-03-23,Standard Class,C-1052,Zaur Məmmədli,Consumer,Uzbekistan,Tashkent,OFF-3005,Ağ lövhə 120x90,Office Supplies,309.77,4,0,62.91
ORD-50571,2024-03-20,2024-03-25,Standard Class,C-1072,Elnur Demir,Consumer,Turkey,Istanbul,TEC-1001,Logitech MX Master 3S,Technology,396.87,3,0,107.82
ORD-50572,2024-03-21,2024-03-25,Standard Class,C-1037,Levan Beridze,Consumer,Georgia,Tbilisi,OFF-3005,Ağ lövhə 120x90,Office Supplies,390.41,5,0,69.47
ORD-50573,2024-03-22,2024-03-26,Standard Class,C-1117,Mehmet Məmmədli,Corporate,Georgia,Tbilisi,FUR-2001,Ergonomik ofis kreslosu,Furniture,1195.09,5,0.15,-96.27
ORD-50573,2024-03-22,2024-03-28,Standard Class,C-1117,Mehmet Məmmədli,Corporate,Georgia,Tbilisi,TEC-1003,HP LaserJet Pro M404,Technology,325.46,1,0,55.15
ORD-50573,2024-03-22,2024-03-28,Standard Class,C-1117,Mehmet Məmmədli,Corporate,Georgia,Tbilisi,OFF-3002,Gel qələm dəsti,Office Supplies,86.85,12,0.2,14.4
ORD-50574,2024-03-23,2024-03-27,Standard Class,C-1015,Elif Həsənli,Corporate,Azerbaijan,Sumgait,OFF-3002,Gel qələm dəsti,Office Supplies,6.22,1,0.3,0.52
ORD-50574,2024-03-23,2024-03-27,Standard Class,C-1015,Elif Həsənli,Corporate,Azerbaijan,Sumgait,FUR-2002,Hündürlüyü tənzimlənən masa,Furniture,2573.16,5,0.05,68.68
ORD-50575,2024-03-23,2024-03-27,Standard Class,C-1004,Zaur Quliyeva,Small Business,Turkey,Istanbul,OFF-3002,Gel qələm dəsti,Office Supplies,8.34,1,0.05,3.29
ORD-50576,2024-03-24,2024-03-28,Standard Class,C-1023,Aytən Nurlanov,Corporate,Turkey,Izmir,TEC-1001,Logitech MX Master 3S,Technology,910.38,8,0.1,124.63
ORD-50577,2024-03-24,2024-03-27,Second Class,C-1051,Nino Seitkali,Corporate,Kazakhstan,Almaty,FUR-2004,Konfrans masası,Furniture,1284.17,2,0.3,-401.72
ORD-50577,2024-03-24,2024-03-27,Second Class,C-1051,Nino Seitkali,Corporate,Kazakhstan,Almaty,FUR-2001,Ergonomik ofis kreslosu,Furniture,1193.04,5,0.15,-109.93
ORD-50578,2024-03-25,2024-04-01,Standard Class,C-1106,Levan Əliyev,Consumer,Kazakhstan,Almaty,FUR-2001,Ergonomik ofis kreslosu,Furniture,2243.59,8,0,328.02
ORD-50579,2024-03-25,2024-03-26,First Class,C-1077,Ruslan Həsənli,Corporate,Azerbaijan,Sumgait,OFF-3001,A4 kağız (5 paçka),Office Supplies,23.94,1,0,7.42
ORD-50579,2024-03-25,2024-03-28,First Class,C-1077,Ruslan Həsənli,Corporate,Azerbaijan,Sumgait,OFF-3004,Arxiv qovluğu,Office Supplies,58.1,9,0.1,15.73
ORD-50579,2024-03-25,2024-03-27,First Class,C-1077,Ruslan Həsənli,Corporate,Azerbaijan,Sumgait,FUR-2004,Konfrans masası,Furniture,4397.19,5,0.05,-223.45
ORD-50580,2024-03-26,2024-03-30,Standard Class,C-1078,Madina Məmmədli,Consumer,Turkey,Ankara,TEC-1002,Dell 27 Monitor P2723,Technology,1177.77,3,0,243.32
ORD-50581,2024-03-26,2024-03-30,Standard Class,C-1099,Giorgi Nurlanov,Corporate,Georgia,Tbilisi,FUR-2001,Ergonomik ofis kreslosu,Furniture,2080.0,7,0,458.58
ORD-50582,2024-03-28,2024-03-30,Second Class,C-1016,Zeynep Nurlanov,Consumer,Azerbaijan,Sumgait,TEC-1002,Dell 27 Monitor P2723,Technology,1525.66,4,0,162.95
ORD-50582,2024-03-28,2024-03-30,Second Class,C-1016,Zeynep Nurlanov,Consumer,Azerbaijan,Sumgait,FUR-2001,Ergonomik ofis kreslosu,Furniture,2299.22,8,0,445.39
ORD-50583,2024-03-29,2024-04-03,Standard Class,C-1015,Elif Həsənli,Corporate,Azerbaijan,Sumgait,FUR-2001,Ergonomik ofis kreslosu,Furniture,1639.86,6,0.05,206.48
ORD-50584,2024-03-30,2024-04-03,Standard Class,C-1051,Nino Seitkali,Corporate,Kazakhstan,Almaty,TEC-1006,Jabra Evolve2 65,Technology,1796.28,8,0,356.46
ORD-50585,2024-03-30,2024-04-05,Standard Class,C-1095,Elnur Karimov,Small Business,Turkey,Istanbul,OFF-3003,Stepler və ştapellər,Office Supplies,68.03,5,0.1,19.87
ORD-50586,2024-03-31,2024-04-04,Standard Class,C-1065,Aidos Karimov,Consumer,Kazakhstan,Almaty,TEC-1002,Dell 27 Monitor P2723,Technology,1071.96,3,0.1,4.83
ORD-50587,2024-03-31,2024-04-04,Standard Class,C-1111,Nurlan Seitkali,Corporate,Azerbaijan,Baku,FUR-2003,Kitab rəfi 5 bölməli,Furniture,953.55,7,0.15,-99.58
ORD-50588,2024-03-31,2024-04-06,Standard Class,C-1072,Elnur Demir,Consumer,Turkey,Istanbul,OFF-3001,A4 kağız (5 paçka),Office Supplies,94.35,4,0,38.4
ORD-50588,2024-03-31,2024-04-04,Standard Class,C-1072,Elnur Demir,Consumer,Turkey,Istanbul,TEC-1001,Logitech MX Master 3S,Technology,404.54,4,0.2,6.93
ORD-50589,2024-04-01,2024-04-07,Standard Class,C-1077,Ruslan Həsənli,Corporate,Azerbaijan,Sumgait,FUR-2001,Ergonomik ofis kreslosu,Furniture,1462.28,5,0,202.14
ORD-50590,2024-04-01,2024-04-08,Standard Class,C-1086,Levan Yılmaz,Consumer,Uzbekistan,Tashkent,OFF-3002,Gel qələm dəsti,Office Supplies,43.73,5,0,19.18
ORD-50591,2024-04-02,2024-04-06,Standard Class,C-1028,Elif Nurlanov,Small Business,Turkey,Istanbul,TEC-1001,Logitech MX Master 3S,Technology,231.75,2,0.1,31.49
ORD-50591,2024-04-02,2024-04-07,Standard Class,C-1028,Elif Nurlanov,Small Business,Turkey,Istanbul,TEC-1002,Dell 27 Monitor P2723,Technology,1166.37,3,0,171.41
ORD-50591,2024-04-02,2024-04-07,Standard Class,C-1028,Elif Nurlanov,Small Business,Turkey,Istanbul,OFF-3001,A4 kağız (5 paçka),Office Supplies,81.52,5,0.3,-0.99
ORD-50592,2024-04-03,2024-04-10,Standard Class,C-1025,Zaur Quliyeva,Consumer,Georgia,Batumi,OFF-3005,Ağ lövhə 120x90,Office Supplies,600.48,9,0.15,-14.48
ORD-50592,2024-04-03,2024-04-07,Standard Class,C-1025,Zaur Quliyeva,Consumer,Georgia,Batumi,OFF-3004,Arxiv qovluğu,Office Supplies,7.0,1,0,2.72
ORD-50593,2024-04-03,2024-04-09,Standard Class,C-1078,Madina Məmmədli,Consumer,Turkey,Ankara,FUR-2004,Konfrans masası,Furniture,874.41,1,0,61.04
ORD-50593,2024-04-03,2024-04-10,Standard Class,C-1078,Madina Məmmədli,Consumer,Turkey,Ankara,TEC-1003,HP LaserJet Pro M404,Technology,534.66,2,0.2,-33.29
ORD-50593,2024-04-03,2024-04-08,Standard Class,C-1078,Madina Məmmədli,Consumer,Turkey,Ankara,FUR-2001,Ergonomik ofis kreslosu,Furniture,1175.1,4,0,137.3
ORD-50594,2024-04-04,2024-04-04,Same Day,C-1024,Bekzod Demir,Consumer,Uzbekistan,Samarkand,TEC-1005,Samsung T7 SSD 1TB,Technology,692.69,5,0,165.34
ORD-50595,2024-04-05,2024-04-08,Second Class,C-1036,Dilnoza Nurlanov,Consumer,Turkey,Istanbul,FUR-2002,Hündürlüyü tənzimlənən masa,Furniture,1157.57,3,0.3,-310.34
ORD-50595,2024-04-05,2024-04-07,Second Class,C-1036,Dilnoza Nurlanov,Consumer,Turkey,Istanbul,OFF-3001,A4 kağız (5 paçka),Office Supplies,118.82,5,0,43.63
ORD-50596,2024-04-06,2024-04-10,Standard Class,C-1061,Zeynep Həsənli,Corporate,Turkey,Izmir,TEC-1006,Jabra Evolve2 65,Technology,184.4,1,0.15,14.9
ORD-50596,2024-04-06,2024-04-13,Standard Class,C-1061,Zeynep Həsənli,Corporate,Turkey,Izmir,TEC-1006,Jabra Evolve2 65,Technology,1575.88,8,0.1,73.39
ORD-50596,2024-04-06,2024-04-11,Standard Class,C-1061,Zeynep Həsənli,Corporate,Turkey,Izmir,TEC-1001,Logitech MX Master 3S,Technology,541.6,6,0.3,-48.8
ORD-50597,2024-04-07,2024-04-12,Standard Class,C-1009,Madina Kaya,Small Business,Kazakhstan,Astana,FUR-2001,Ergonomik ofis kreslosu,Furniture,478.04,2,0.15,-16.26
ORD-50597,2024-04-07,2024-04-11,Standard Class,C-1009,Madina Kaya,Small Business,Kazakhstan,Astana,TEC-1004,Lenovo ThinkPad E14,Technology,978.01,1,0.15,-93.32
ORD-50598,2024-04-07,2024-04-12,Standard Class,C-1023,Aytən Nurlanov,Corporate,Turkey,Izmir,OFF-3002,Gel qələm dəsti,Office Supplies,51.52,8,0.3,2.14
ORD-50598,2024-04-07,2024-04-12,Standard Class,C-1023,Aytən Nurlanov,Corporate,Turkey,Izmir,FUR-2004,Konfrans masası,Furniture,2718.95,3,0,198.12
ORD-50598,2024-04-07,2024-04-11,Standard Class,C-1023,Aytən Nurlanov,Corporate,Turkey,Izmir,TEC-1002,Dell 27 Monitor P2723,Technology,2166.15,7,0.2,-75.37
ORD-50599,2024-04-11,2024-04-17,Standard Class,C-1064,Can Usmonova,Corporate,Turkey,Izmir,TEC-1001,Logitech MX Master 3S,Technology,175.49,2,0.3,-12.45
ORD-50599,2024-04-11,2024-04-18,Standard Class,C-1064,Can Usmonova,Corporate,Turkey,Izmir,OFF-3001,A4 kağız (5 paçka),Office Supplies,88.7,4,0.05,24.87
ORD-50599,2024-04-11,2024-04-16,Standard Class,C-1064,Can Usmonova,Corporate,Turkey,Izmir,FUR-2004,Konfrans masası,Furniture,6140.13,7,0,230.14
ORD-50600,2024-04-12,2024-04-12,Same Day,C-1052,Zaur Məmmədli,Consumer,Uzbekistan,Tashkent,TEC-1003,HP LaserJet Pro M404,Technology,1327.12,4,0,296.12
ORD-50601,2024-04-13,2024-04-15,Second Class,C-1095,Elnur Karimov,Small Business,Turkey,Istanbul,TEC-1001,Logitech MX Master 3S,Technology,929.86,9,0.2,62.26
ORD-50601,2024-04-13,2024-04-16,Second Class,C-1095,Elnur Karimov,Small Business,Turkey,Istanbul,FUR-2004,Konfrans masası,Furniture,741.29,1,0.15,-124.28
ORD-50602,2024-04-13,2024-04-16,Second Class,C-1096,Mehman Abdullayev,Consumer,Azerbaijan,Ganja,TEC-1003,HP LaserJet Pro M404,Technology,1325.02,4,0,175.08
ORD-50602,2024-04-13,2024-04-15,Second Class,C-1096,Mehman Abdullayev,Consumer,Azerbaijan,Ganja,OFF-3002,Gel qələm dəsti,Office Supplies,45.39,5,0,20.98
ORD-50602,2024-04-13,2024-04-15,Second Class,C-1096,Mehman Abdullayev,Consumer,Azerbaijan,Ganja,OFF-3001,A4 kağız (5 paçka),Office Supplies,24.67,1,0,9.33
ORD-50603,2024-04-14,2024-04-18,Standard Class,C-1012,Zaur Abdullayev,Consumer,Azerbaijan,Ganja,FUR-2002,Hündürlüyü tənzimlənən masa,Furniture,1120.97,2,0,205.28
ORD-50604,2024-04-15,2024-04-20,Standard Class,C-1051,Nino Seitkali,Corporate,Kazakhstan,Almaty,TEC-1001,Logitech MX Master 3S,Technology,929.74,7,0,271.96
ORD-50604,2024-04-15,2024-04-20,Standard Class,C-1051,Nino Seitkali,Corporate,Kazakhstan,Almaty,FUR-2001,Ergonomik ofis kreslosu,Furniture,2268.82,8,0,376.26
ORD-50605,2024-04-16,2024-04-21,Standard Class,C-1106,Levan Əliyev,Consumer,Kazakhstan,Almaty,TEC-1003,HP LaserJet Pro M404,Technology,1021.53,4,0.2,-99.7
ORD-50605,2024-04-16,2024-04-21,Standard Class,C-1106,Levan Əliyev,Consumer,Kazakhstan,Almaty,TEC-1002,Dell 27 Monitor P2723,Technology,794.8,2,0,185.85
ORD-50606,2024-04-17,2024-04-22,Standard Class,C-1064,Can Usmonova,Corporate,Turkey,Izmir,TEC-1003,HP LaserJet Pro M404,Technology,1620.24,5,0,283.05
ORD-50607,2024-04-18,2024-04-20,Second Class,C-1085,Lalə Əliyev,Consumer,Azerbaijan,Baku,TEC-1002,Dell 27 Monitor P2723,Technology,383.61,1,0,82.13
ORD-50607,2024-04-18,2024-04-20,Second Class,C-1085,Lalə Əliyev,Consumer,Azerbaijan,Baku,OFF-3003,Stepler və ştapellər,Office Supplies,132.31,9,0,53.6
ORD-50608,2024-04-18,2024-04-25,Standard Class,C-1073,Aidos Nurlanov,Corporate,Turkey,Istanbul,FUR-2004,Konfrans masası,Furniture,5225.14,6,0.05,63.86
ORD-50609,2024-04-20,2024-04-24,Standard Class,C-1028,Elif Nurlanov,Small Business,Turkey,Istanbul,TEC-1001,Logitech MX Master 3S,Technology,761.41,6,0,199.35
ORD-50610,2024-04-21,2024-04-27,Standard Class,C-1015,Elif Həsənli,Corporate,Azerbaijan,Sumgait,TEC-1006,Jabra Evolve2 65,Technology,1074.53,5,0,243.68
ORD-50610,2024-04-21,2024-04-27,Standard Class,C-1015,Elif Həsənli,Corporate,Azerbaijan,Sumgait,OFF-3004,Arxiv qovluğu,Office Supplies,14.69,3,0.3,-0.44
ORD-50611,2024-04-22,2024-04-26,Second Class,C-1024,Bekzod Demir,Consumer,Uzbekistan,Samarkand,FUR-2003,Kitab rəfi 5 bölməli,Furniture,1390.47,9,0.05,29.89
ORD-50611,2024-04-22,2024-04-26,Second Class,C-1024,Bekzod Demir,Consumer,Uzbekistan,Samarkand,TEC-1003,HP LaserJet Pro M404,Technology,978.71,3,0,199.01
ORD-50611,2024-04-22,2024-04-25,Second Class,C-1024,Bekzod Demir,Consumer,Uzbekistan,Samarkand,OFF-3005,Ağ lövhə 120x90,Office Supplies,78.96,1,0,16.92
ORD-50612,2024-04-23,2024-04-27,Standard Class,C-1036,Dilnoza Nurlanov,Consumer,Turkey,Istanbul,TEC-1004,Lenovo ThinkPad E14,Technology,2342.08,2,0,165.38
ORD-50612,2024-04-23,2024-04-30,Standard Class,C-1036,Dilnoza Nurlanov,Consumer,Turkey,Istanbul,TEC-1005,Samsung T7 SSD 1TB,Technology,1257.41,9,0,411.33
ORD-50613,2024-04-25,2024-05-01,Standard Class,C-1030,Kənan Abdullayev,Consumer,Uzbekistan,Tashkent,OFF-3005,Ağ lövhə 120x90,Office Supplies,395.82,7,0.3,-53.03
ORD-50614,2024-04-26,2024-05-03,Standard Class,C-1077,Ruslan Həsənli,Corporate,Azerbaijan,Sumgait,OFF-3001,A4 kağız (5 paçka),Office Supplies,48.73,2,0,16.77
ORD-50615,2024-04-26,2024-05-02,Standard Class,C-1114,Nino Məmmədli,Consumer,Azerbaijan,Sumgait,TEC-1001,Logitech MX Master 3S,Technology,604.53,5,0.05,138.85
ORD-50616,2024-04-26,2024-05-02,Standard Class,C-1078,Madina Məmmədli,Consumer,Turkey,Ankara,TEC-1001,Logitech MX Master 3S,Technology,519.07,4,0,176.58
ORD-50617,2024-04-27,2024-04-27,Same Day,C-1108,Madina Əliyev,Small Business,Azerbaijan,Ganja,TEC-1004,Lenovo ThinkPad E14,Technology,795.05,1,0.3,-214.31
ORD-50618,2024-04-27,2024-05-03,Standard Class,C-1099,Giorgi Nurlanov,Corporate,Georgia,Tbilisi,OFF-3001,A4 kağız (5 paçka),Office Supplies,191.6,9,0.1,47.36
ORD-50618,2024-04-27,2024-05-02,Standard Class,C-1099,Giorgi Nurlanov,Corporate,Georgia,Tbilisi,TEC-1003,HP LaserJet Pro M404,Technology,1313.34,4,0,173.88
ORD-50619,2024-04-28,2024-05-03,Standard Class,C-1030,Kənan Abdullayev,Consumer,Uzbekistan,Tashkent,FUR-2004,Konfrans masası,Furniture,1797.03,2,0,128.28
ORD-50620,2024-04-28,2024-04-28,Same Day,C-1009,Madina Kaya,Small Business,Kazakhstan,Astana,OFF-3005,Ağ lövhə 120x90,Office Supplies,148.99,2,0.05,26.83
ORD-50620,2024-04-28,2024-04-28,Same Day,C-1009,Madina Kaya,Small Business,Kazakhstan,Astana,TEC-1002,Dell 27 Monitor P2723,Technology,1193.91,3,0,253.51
ORD-50621,2024-04-29,2024-05-03,Second Class,C-1079,Aruzhan Beridze,Corporate,Azerbaijan,Baku,TEC-1004,Lenovo ThinkPad E14,Technology,5718.56,5,0,703.48
ORD-50621,2024-04-29,2024-05-01,Second Class,C-1079,Aruzhan Beridze,Corporate,Azerbaijan,Baku,OFF-3002,Gel qələm dəsti,Office Supplies,72.89,8,0,32.75
ORD-50622,2024-04-30,2024-05-02,First Class,C-1043,Sevinc Həsənli,Corporate,Azerbaijan,Ganja,TEC-1005,Samsung T7 SSD 1TB,Technology,818.35,6,0,211.53
ORD-50623,2024-04-30,2024-05-07,Standard Class,C-1041,Lalə Seitkali,Corporate,Azerbaijan,Baku,FUR-2003,Kitab rəfi 5 bölməli,Furniture,1390.15,9,0.05,44.19
ORD-50623,2024-04-30,2024-05-05,Standard Class,C-1041,Lalə Seitkali,Corporate,Azerbaijan,Baku,TEC-1002,Dell 27 Monitor P2723,Technology,1198.94,3,0,257.59
ORD-50624,2024-05-01,2024-05-01,Same Day,C-1015,Elif Həsənli,Corporate,Azerbaijan,Sumgait,FUR-2004,Konfrans masası,Furniture,2579.53,3,0.05,26.47
ORD-50624,2024-05-01,2024-05-01,Same Day,C-1015,Elif Həsənli,Corporate,Azerbaijan,Sumgait,FUR-2003,Kitab rəfi 5 bölməli,Furniture,1770.34,11,0,168.0
ORD-50625,2024-05-02,2024-05-09,Standard Class,C-1113,Levan Usmonova,Consumer,Kazakhstan,Almaty,OFF-3005,Ağ lövhə 120x90,Office Supplies,303.57,4,0.05,67.27
ORD-50626,2024-05-03,2024-05-03,Same Day,C-1037,Levan Beridze,Consumer,Georgia,Tbilisi,OFF-3004,Arxiv qovluğu,Office Supplies,44.44,8,0.2,6.27
ORD-50627,2024-05-03,2024-05-06,Second Class,C-1109,Gülnar Beridze,Consumer,Azerbaijan,Sumgait,OFF-3004,Arxiv qovluğu,Office Supplies,19.22,3,0.1,6.25
ORD-50628,2024-05-04,2024-05-07,Second Class,C-1068,Elnur Abdullayev,Consumer,Georgia,Batumi,TEC-1004,Lenovo ThinkPad E14,Technology,4687.27,4,0,640.62
ORD-50628,2024-05-04,2024-05-07,Second Class,C-1068,Elnur Abdullayev,Consumer,Georgia,Batumi,FUR-2002,Hündürlüyü tənzimlənən masa,Furniture,1080.71,2,0,99.12
ORD-50629,2024-05-05,2024-05-11,Standard Class,C-1041,Lalə Seitkali,Corporate,Azerbaijan,Baku,FUR-2002,Hündürlüyü tənzimlənən masa,Furniture,2091.8,4,0.05,238.28
ORD-50630,2024-05-05,2024-05-08,Second Class,C-1054,Zaur Əliyev,Corporate,Kazakhstan,Astana,FUR-2004,Konfrans masası,Furniture,4584.03,5,0,448.48
ORD-50631,2024-05-05,2024-05-05,Same Day,C-1055,Ruslan Usmonova,Small Business,Turkey,Ankara,TEC-1001,Logitech MX Master 3S,Technology,549.75,5,0.15,47.92
ORD-50631,2024-05-05,2024-05-05,Same Day,C-1055,Ruslan Usmonova,Small Business,Turkey,Ankara,TEC-1002,Dell 27 Monitor P2723,Technology,551.96,2,0.3,-103.43
ORD-50632,2024-05-06,2024-05-10,Standard Class,C-1025,Zaur Quliyeva,Consumer,Georgia,Batumi,OFF-3002,Gel qələm dəsti,Office Supplies,32.41,4,0.1,11.63
ORD-50632,2024-05-06,2024-05-12,Standard Class,C-1025,Zaur Quliyeva,Consumer,Georgia,Batumi,FUR-2001,Ergonomik ofis kreslosu,Furniture,1659.82,7,0.2,-203.08
ORD-50632,2024-05-06,2024-05-13,Standard Class,C-1025,Zaur Quliyeva,Consumer,Georgia,Batumi,TEC-1003,HP LaserJet Pro M404,Technology,900.92,4,0.3,-185.91
ORD-50633,2024-05-07,2024-05-13,Standard Class,C-1060,Aruzhan Nurlanov,Consumer,Azerbaijan,Ganja,FUR-2002,Hündürlüyü tənzimlənən masa,Furniture,1118.48,2,0,124.77
ORD-50633,2024-05-07,2024-05-14,Standard Class,C-1060,Aruzhan Nurlanov,Consumer,Azerbaijan,Ganja,OFF-3005,Ağ lövhə 120x90,Office Supplies,80.71,1,0,20.84
ORD-50633,2024-05-07,2024-05-11,Standard Class,C-1060,Aruzhan Nurlanov,Consumer,Azerbaijan,Ganja,OFF-3001,A4 kağız (5 paçka),Office Supplies,153.04,8,0.2,18.12
ORD-50634,2024-05-07,2024-05-07,Same Day,C-1027,Dilnoza Seitkali,Corporate,Georgia,Batumi,FUR-2003,Kitab rəfi 5 bölməli,Furniture,750.73,5,0.05,2.41
ORD-50634,2024-05-07,2024-05-07,Same Day,C-1027,Dilnoza Seitkali,Corporate,Georgia,Batumi,FUR-2003,Kitab rəfi 5 bölməli,Furniture,556.59,4,0.15,-52.36
ORD-50635,2024-05-08,2024-05-11,Second Class,C-1005,Aruzhan Demir,Corporate,Uzbekistan,Tashkent,TEC-1004,Lenovo ThinkPad E14,Technology,4059.1,4,0.1,-235.38
ORD-50635,2024-05-08,2024-05-12,Second Class,C-1005,Aruzhan Demir,Corporate,Uzbekistan,Tashkent,TEC-1003,HP LaserJet Pro M404,Technology,965.87,3,0,170.18
ORD-50635,2024-05-08,2024-05-12,Second Class,C-1005,Aruzhan Demir,Corporate,Uzbekistan,Tashkent,TEC-1006,Jabra Evolve2 65,Technology,1779.21,8,0,467.27
ORD-50636,2024-05-09,2024-05-13,Standard Class,C-1077,Ruslan Həsənli,Corporate,Azerbaijan,Sumgait,OFF-3003,Stepler və ştapellər,Office Supplies,58.73,5,0.2,5.03
ORD-50636,2024-05-09,2024-05-13,Standard Class,C-1077,Ruslan Həsənli,Corporate,Azerbaijan,Sumgait,TEC-1001,Logitech MX Master 3S,Technology,385.68,3,0,103.96
ORD-50636,2024-05-09,2024-05-15,Standard Class,C-1077,Ruslan Həsənli,Corporate,Azerbaijan,Sumgait,FUR-2004,Konfrans masası,Furniture,1675.62,2,0.05,-16.49
ORD-50637,2024-05-09,2024-05-14,Standard Class,C-1022,Zaur Quliyeva,Consumer,Turkey,Ankara,FUR-2002,Hündürlüyü tənzimlənən masa,Furniture,1416.88,3,0.15,-152.57
ORD-50637,2024-05-09,2024-05-13,Standard Class,C-1022,Zaur Quliyeva,Consumer,Turkey,Ankara,FUR-2001,Ergonomik ofis kreslosu,Furniture,1130.56,4,0,202.81
ORD-50638,2024-05-10,2024-05-15,Standard Class,C-1040,Kənan Karimov,Consumer,Turkey,Ankara,OFF-3004,Arxiv qovluğu,Office Supplies,34.87,6,0.15,6.88
ORD-50638,2024-05-10,2024-05-16,Standard Class,C-1040,Kənan Karimov,Consumer,Turkey,Ankara,FUR-2003,Kitab rəfi 5 bölməli,Furniture,1446.48,9,0,155.71
ORD-50638,2024-05-10,2024-05-15,Standard Class,C-1040,Kənan Karimov,Consumer,Turkey,Ankara,TEC-1006,Jabra Evolve2 65,Technology,1521.29,7,0,452.13
ORD-50639,2024-05-10,2024-05-11,First Class,C-1028,Elif Nurlanov,Small Business,Turkey,Istanbul,TEC-1006,Jabra Evolve2 65,Technology,1458.67,7,0.05,311.6
ORD-50640,2024-05-11,2024-05-16,Standard Class,C-1088,Emin Əliyev,Corporate,Turkey,Izmir,FUR-2002,Hündürlüyü tənzimlənən masa,Furniture,1093.08,2,0,150.28
ORD-50641,2024-05-11,2024-05-15,Standard Class,C-1030,Kənan Abdullayev,Consumer,Uzbekistan,Tashkent,FUR-2003,Kitab rəfi 5 bölməli,Furniture,1456.93,9,0,166.63
ORD-50642,2024-05-12,2024-05-16,Second Class,C-1105,Nurlan Nurlanov,Consumer,Azerbaijan,Baku,FUR-2002,Hündürlüyü tənzimlənən masa,Furniture,538.62,1,0,75.71
ORD-50643,2024-05-12,2024-05-15,Second Class,C-1026,Aidos Məmmədli,Consumer,Turkey,Istanbul,TEC-1003,HP LaserJet Pro M404,Technology,962.52,3,0,171.67
ORD-50643,2024-05-12,2024-05-16,Second Class,C-1026,Aidos Məmmədli,Consumer,Turkey,Istanbul,TEC-1003,HP LaserJet Pro M404,Technology,980.63,3,0,113.25
ORD-50644,2024-05-13,2024-05-16,Second Class,C-1106,Levan Əliyev,Consumer,Kazakhstan,Almaty,TEC-1005,Samsung T7 SSD 1TB,Technology,138.41,1,0,38.55
ORD-50644,2024-05-13,2024-05-17,Second Class,C-1106,Levan Əliyev,Consumer,Kazakhstan,Almaty,FUR-2001,Ergonomik ofis kreslosu,Furniture,1245.5,5,0.15,-63.08
ORD-50645,2024-05-13,2024-05-19,Standard Class,C-1009,Madina Kaya,Small Business,Kazakhstan,Astana,FUR-2003,Kitab rəfi 5 bölməli,Furniture,1019.96,7,0.1,-87.55
ORD-50645,2024-05-13,2024-05-18,Standard Class,C-1009,Madina Kaya,Small Business,Kazakhstan,Astana,OFF-3002,Gel qələm dəsti,Office Supplies,54.51,6,0,25.27
ORD-50646,2024-05-15,2024-05-22,Standard Class,C-1113,Levan Usmonova,Consumer,Kazakhstan,Almaty,OFF-3002,Gel qələm dəsti,Office Supplies,18.36,2,0,8.54
ORD-50647,2024-05-16,2024-05-22,Standard Class,C-1080,Sevinc Kaya,Consumer,Azerbaijan,Sumgait,FUR-2003,Kitab rəfi 5 bölməli,Furniture,1101.08,7,0,97.07
ORD-50648,2024-05-17,2024-05-22,Standard Class,C-1079,Aruzhan Beridze,Corporate,Azerbaijan,Baku,TEC-1005,Samsung T7 SSD 1TB,Technology,838.92,6,0,254.95
ORD-50648,2024-05-17,2024-05-24,Standard Class,C-1079,Aruzhan Beridze,Corporate,Azerbaijan,Baku,TEC-1006,Jabra Evolve2 65,Technology,1592.3,9,0.2,-46.37
ORD-50648,2024-05-17,2024-05-23,Standard Class,C-1079,Aruzhan Beridze,Corporate,Azerbaijan,Baku,TEC-1001,Logitech MX Master 3S,Technology,821.46,8,0.2,51.65
ORD-50649,2024-05-18,2024-05-21,Second Class,C-1086,Levan Yılmaz,Consumer,Uzbekistan,Tashkent,TEC-1006,Jabra Evolve2 65,Technology,796.38,4,0.1,128.7
ORD-50650,2024-05-18,2024-05-24,Standard Class,C-1063,Mehmet Kaya,Consumer,Turkey,Istanbul,FUR-2003,Kitab rəfi 5 bölməli,Furniture,1145.23,7,0,64.72
ORD-50651,2024-05-19,2024-05-24,Standard Class,C-1109,Gülnar Beridze,Consumer,Azerbaijan,Sumgait,FUR-2004,Konfrans masası,Furniture,913.07,1,0,64.9
ORD-50652,2024-05-19,2024-05-20,First Class,C-1099,Giorgi Nurlanov,Corporate,Georgia,Tbilisi,FUR-2003,Kitab rəfi 5 bölməli,Furniture,1586.41,10,0,140.32
ORD-50652,2024-05-19,2024-05-20,First Class,C-1099,Giorgi Nurlanov,Corporate,Georgia,Tbilisi,FUR-2001,Ergonomik ofis kreslosu,Furniture,2029.74,8,0.1,96.29
ORD-50652,2024-05-19,2024-05-22,First Class,C-1099,Giorgi Nurlanov,Corporate,Georgia,Tbilisi,FUR-2002,Hündürlüyü tənzimlənən masa,Furniture,3259.26,6,0,412.68
ORD-50653,2024-05-20,2024-05-24,Second Class,C-1075,Can Beridze,Consumer,Kazakhstan,Almaty,OFF-3005,Ağ lövhə 120x90,Office Supplies,164.33,3,0.3,-27.01
ORD-50654,2024-05-20,2024-05-23,Second Class,C-1027,Dilnoza Seitkali,Corporate,Georgia,Batumi,TEC-1003,HP LaserJet Pro M404,Technology,971.08,3,0,156.21
ORD-50655,2024-05-21,2024-05-23,First Class,C-1030,Kənan Abdullayev,Consumer,Uzbekistan,Tashkent,FUR-2004,Konfrans masası,Furniture,3661.95,4,0,253.65
ORD-50656,2024-05-21,2024-05-27,Standard Class,C-1107,Aytən Seitkali,Consumer,Azerbaijan,Ganja,OFF-3001,A4 kağız (5 paçka),Office Supplies,122.82,5,0,42.6
ORD-50656,2024-05-21,2024-05-27,Standard Class,C-1107,Aytən Seitkali,Consumer,Azerbaijan,Ganja,TEC-1006,Jabra Evolve2 65,Technology,434.14,2,0,121.65
ORD-50657,2024-05-22,2024-05-29,Standard Class,C-1099,Giorgi Nurlanov,Corporate,Georgia,Tbilisi,TEC-1006,Jabra Evolve2 65,Technology,1388.87,8,0.2,-84.15
ORD-50658,2024-05-23,2024-05-28,Standard Class,C-1015,Elif Həsənli,Corporate,Azerbaijan,Sumgait,TEC-1005,Samsung T7 SSD 1TB,Technology,466.32,4,0.15,60.6
ORD-50659,2024-05-23,2024-05-29,Standard Class,C-1108,Madina Əliyev,Small Business,Azerbaijan,Ganja,TEC-1003,HP LaserJet Pro M404,Technology,997.67,3,0,117.99
ORD-50659,2024-05-23,2024-05-27,Standard Class,C-1108,Madina Əliyev,Small Business,Azerbaijan,Ganja,FUR-2003,Kitab rəfi 5 bölməli,Furniture,938.83,6,0,99.92
ORD-50660,2024-05-24,2024-05-30,Standard Class,C-1030,Kənan Abdullayev,Consumer,Uzbekistan,Tashkent,OFF-3005,Ağ lövhə 120x90,Office Supplies,707.04,9,0,199.95
ORD-50661,2024-05-24,2024-05-29,Standard Class,C-1105,Nurlan Nurlanov,Consumer,Azerbaijan,Baku,OFF-3001,A4 kağız (5 paçka),Office Supplies,24.57,1,0,10.17
ORD-50661,2024-05-24,2024-05-28,Standard Class,C-1105,Nurlan Nurlanov,Consumer,Azerbaijan,Baku,OFF-3001,A4 kağız (5 paçka),Office Supplies,72.22,3,0,23.49
ORD-50662,2024-05-24,2024-05-28,Standard Class,C-1100,Gülnar Yılmaz,Consumer,Kazakhstan,Astana,TEC-1005,Samsung T7 SSD 1TB,Technology,835.14,6,0,272.51
ORD-50662,2024-05-24,2024-05-29,Standard Class,C-1100,Gülnar Yılmaz,Consumer,Kazakhstan,Astana,TEC-1004,Lenovo ThinkPad E14,Technology,4497.3,4,0,109.57
ORD-50663,2024-05-24,2024-05-28,Standard Class,C-1066,Zaur Demir,Small Business,Azerbaijan,Baku,OFF-3004,Arxiv qovluğu,Office Supplies,53.25,8,0.05,18.82
ORD-50663,2024-05-24,2024-05-31,Standard Class,C-1066,Zaur Demir,Small Business,Azerbaijan,Baku,OFF-3005,Ağ lövhə 120x90,Office Supplies,589.87,8,0.05,110.06
ORD-50664,2024-05-25,2024-05-29,Second Class,C-1017,Zaur Əliyev,Corporate,Georgia,Tbilisi,OFF-3002,Gel qələm dəsti,Office Supplies,96.59,11,0,49.7
ORD-50664,2024-05-25,2024-05-27,Second Class,C-1017,Zaur Əliyev,Corporate,Georgia,Tbilisi,OFF-3002,Gel qələm dəsti,Office Supplies,30.36,4,0.15,7.89
ORD-50664,2024-05-25,2024-05-29,Second Class,C-1017,Zaur Əliyev,Corporate,Georgia,Tbilisi,FUR-2003,Kitab rəfi 5 bölməli,Furniture,1264.1,9,0.1,-53.68
ORD-50665,2024-05-26,2024-05-29,Second Class,C-1037,Levan Beridze,Consumer,Georgia,Tbilisi,TEC-1005,Samsung T7 SSD 1TB,Technology,790.93,6,0.05,210.05
ORD-50666,2024-05-26,2024-05-27,First Class,C-1096,Mehman Abdullayev,Consumer,Azerbaijan,Ganja,TEC-1002,Dell 27 Monitor P2723,Technology,1143.59,3,0,192.89
ORD-50667,2024-05-27,2024-05-28,First Class,C-1051,Nino Seitkali,Corporate,Kazakhstan,Almaty,OFF-3004,Arxiv qovluğu,Office Supplies,38.31,8,0.3,0.36
ORD-50667,2024-05-27,2024-05-28,First Class,C-1051,Nino Seitkali,Corporate,Kazakhstan,Almaty,TEC-1004,Lenovo ThinkPad E14,Technology,4594.16,4,0,692.95
ORD-50668,2024-05-27,2024-05-31,Standard Class,C-1105,Nurlan Nurlanov,Consumer,Azerbaijan,Baku,TEC-1001,Logitech MX Master 3S,Technology,893.01,7,0,256.44
ORD-50668,2024-05-27,2024-06-03,Standard Class,C-1105,Nurlan Nurlanov,Consumer,Azerbaijan,Baku,OFF-3003,Stepler və ştapellər,Office Supplies,59.95,4,0,22.02
ORD-50669,2024-05-31,2024-06-04,Standard Class,C-1047,Levan Yılmaz,Consumer,Turkey,Istanbul,TEC-1005,Samsung T7 SSD 1TB,Technology,551.33,4,0,170.29
ORD-50670,2024-06-01,2024-06-03,First Class,C-1085,Lalə Əliyev,Consumer,Azerbaijan,Baku,OFF-3004,Arxiv qovluğu,Office Supplies,34.53,5,0,11.16
ORD-50670,2024-06-01,2024-06-02,First Class,C-1085,Lalə Əliyev,Consumer,Azerbaijan,Baku,OFF-3001,A4 kağız (5 paçka),Office Supplies,23.79,1,0,8.41
ORD-50671,2024-06-02,2024-06-09,Standard Class,C-1005,Aruzhan Demir,Corporate,Uzbekistan,Tashkent,TEC-1002,Dell 27 Monitor P2723,Technology,908.03,3,0.2,-57.01
ORD-50671,2024-06-02,2024-06-09,Standard Class,C-1005,Aruzhan Demir,Corporate,Uzbekistan,Tashkent,TEC-1002,Dell 27 Monitor P2723,Technology,1079.27,3,0.05,96.13
ORD-50672,2024-06-02,2024-06-03,First Class,C-1030,Kənan Abdullayev,Consumer,Uzbekistan,Tashkent,OFF-3002,Gel qələm dəsti,Office Supplies,25.88,4,0.3,2.45
ORD-50672,2024-06-02,2024-06-04,First Class,C-1030,Kənan Abdullayev,Consumer,Uzbekistan,Tashkent,TEC-1004,Lenovo ThinkPad E14,Technology,2281.29,2,0,181.92
ORD-50672,2024-06-02,2024-06-04,First Class,C-1030,Kənan Abdullayev,Consumer,Uzbekistan,Tashkent,FUR-2004,Konfrans masası,Furniture,1825.17,2,0,72.81
ORD-50673,2024-06-03,2024-06-05,First Class,C-1043,Sevinc Həsənli,Corporate,Azerbaijan,Ganja,TEC-1005,Samsung T7 SSD 1TB,Technology,991.77,7,0,292.61
ORD-50673,2024-06-03,2024-06-05,First Class,C-1043,Sevinc Həsənli,Corporate,Azerbaijan,Ganja,FUR-2002,Hündürlüyü tənzimlənən masa,Furniture,1574.56,3,0.05,39.11
ORD-50674,2024-06-03,2024-06-09,Standard Class,C-1103,Zeynep Abdullayev,Corporate,Kazakhstan,Astana,TEC-1002,Dell 27 Monitor P2723,Technology,1194.39,3,0,200.88
ORD-50675,2024-06-03,2024-06-09,Standard Class,C-1001,Bekzod Usmonova,Consumer,Turkey,Izmir,TEC-1004,Lenovo ThinkPad E14,Technology,1146.38,1,0,113.93
ORD-50675,2024-06-03,2024-06-09,Standard Class,C-1001,Bekzod Usmonova,Consumer,Turkey,Izmir,FUR-2001,Ergonomik ofis kreslosu,Furniture,570.24,2,0,101.3
ORD-50675,2024-06-03,2024-06-07,Standard Class,C-1001,Bekzod Usmonova,Consumer,Turkey,Izmir,TEC-1006,Jabra Evolve2 65,Technology,1703.88,8,0,489.14
ORD-50676,2024-06-07,2024-06-08,First Class,C-1011,Can Karimov,Consumer,Turkey,Istanbul,FUR-2001,Ergonomik ofis kreslosu,Furniture,1968.81,7,0,295.62
ORD-50677,2024-06-07,2024-06-11,Standard Class,C-1033,Can Məmmədli,Corporate,Turkey,Istanbul,TEC-1006,Jabra Evolve2 65,Technology,853.35,4,0,246.21
ORD-50678,2024-06-08,2024-06-12,Standard Class,C-1078,Madina Məmmədli,Consumer,Turkey,Ankara,TEC-1001,Logitech MX Master 3S,Technology,384.68,3,0,113.01
ORD-50678,2024-06-08,2024-06-14,Standard Class,C-1078,Madina Məmmədli,Consumer,Turkey,Ankara,TEC-1001,Logitech MX Master 3S,Technology,791.5,6,0,237.59
ORD-50679,2024-06-11,2024-06-17,Standard Class,C-1063,Mehmet Kaya,Consumer,Turkey,Istanbul,FUR-2003,Kitab rəfi 5 bölməli,Furniture,1394.94,9,0,104.63
ORD-50680,2024-06-12,2024-06-12,Same Day,C-1108,Madina Əliyev,Small Business,Azerbaijan,Ganja,FUR-2002,Hündürlüyü tənzimlənən masa,Furniture,379.47,1,0.3,-90.32
ORD-50681,2024-06-13,2024-06-14,First Class,C-1051,Nino Seitkali,Corporate,Kazakhstan,Almaty,TEC-1005,Samsung T7 SSD 1TB,Technology,401.0,3,0.05,83.94
ORD-50681,2024-06-13,2024-06-14,First Class,C-1051,Nino Seitkali,Corporate,Kazakhstan,Almaty,TEC-1003,HP LaserJet Pro M404,Technology,964.76,3,0.05,104.87
ORD-50681,2024-06-13,2024-06-16,First Class,C-1051,Nino Seitkali,Corporate,Kazakhstan,Almaty,OFF-3004,Arxiv qovluğu,Office Supplies,20.92,3,0,7.96
ORD-50682,2024-06-13,2024-06-18,Standard Class,C-1061,Zeynep Həsənli,Corporate,Turkey,Izmir,TEC-1001,Logitech MX Master 3S,Technology,405.71,4,0.2,5.56
ORD-50682,2024-06-13,2024-06-17,Standard Class,C-1061,Zeynep Həsənli,Corporate,Turkey,Izmir,OFF-3001,A4 kağız (5 paçka),Office Supplies,162.3,8,0.15,21.39
ORD-50683,2024-06-15,2024-06-22,Standard Class,C-1054,Zaur Əliyev,Corporate,Kazakhstan,Astana,TEC-1001,Logitech MX Master 3S,Technology,328.62,3,0.15,38.24
ORD-50683,2024-06-15,2024-06-22,Standard Class,C-1054,Zaur Əliyev,Corporate,Kazakhstan,Astana,TEC-1002,Dell 27 Monitor P2723,Technology,270.64,1,0.3,-53.41
ORD-50684,2024-06-15,2024-06-20,Standard Class,C-1112,Zeynep Həsənli,Consumer,Uzbekistan,Tashkent,OFF-3004,Arxiv qovluğu,Office Supplies,35.15,5,0,12.67
ORD-50684,2024-06-15,2024-06-20,Standard Class,C-1112,Zeynep Həsənli,Consumer,Uzbekistan,Tashkent,FUR-2004,Konfrans masası,Furniture,2741.06,3,0,256.04
ORD-50684,2024-06-15,2024-06-20,Standard Class,C-1112,Zeynep Həsənli,Consumer,Uzbekistan,Tashkent,OFF-3005,Ağ lövhə 120x90,Office Supplies,81.3,1,0,19.94
ORD-50685,2024-06-16,2024-06-22,Standard Class,C-1053,Madina Karimov,Consumer,Kazakhstan,Almaty,TEC-1002,Dell 27 Monitor P2723,Technology,335.03,1,0.15,5.65
ORD-50686,2024-06-17,2024-06-21,Standard Class,C-1072,Elnur Demir,Consumer,Turkey,Istanbul,FUR-2003,Kitab rəfi 5 bölməli,Furniture,788.55,5,0,95.33
ORD-50686,2024-06-17,2024-06-24,Standard Class,C-1072,Elnur Demir,Consumer,Turkey,Istanbul,OFF-3002,Gel qələm dəsti,Office Supplies,17.73,2,0,7.55
ORD-50687,2024-06-18,2024-06-23,Standard Class,C-1084,Emin Nurlanov,Consumer,Uzbekistan,Samarkand,OFF-3003,Stepler və ştapellər,Office Supplies,118.24,8,0,57.76
ORD-50688,2024-06-19,2024-06-22,First Class,C-1060,Aruzhan Nurlanov,Consumer,Azerbaijan,Ganja,FUR-2004,Konfrans masası,Furniture,3644.97,4,0,145.09
ORD-50688,2024-06-19,2024-06-20,First Class,C-1060,Aruzhan Nurlanov,Consumer,Azerbaijan,Ganja,FUR-2004,Konfrans masası,Furniture,2641.76,3,0,190.47
ORD-50689,2024-06-19,2024-06-21,First Class,C-1022,Zaur Quliyeva,Consumer,Turkey,Ankara,OFF-3001,A4 kağız (5 paçka),Office Supplies,95.56,4,0,35.24
ORD-50690,2024-06-22,2024-06-28,Standard Class,C-1046,Lalə Nurlanov,Consumer,Azerbaijan,Ganja,FUR-2002,Hündürlüyü tənzimlənən masa,Furniture,2161.65,4,0,287.22
ORD-50690,2024-06-22,2024-06-28,Standard Class,C-1046,Lalə Nurlanov,Consumer,Azerbaijan,Ganja,TEC-1004,Lenovo ThinkPad E14,Technology,1124.54,1,0,186.74
ORD-50691,2024-06-22,2024-06-26,Standard Class,C-1022,Zaur Quliyeva,Consumer,Turkey,Ankara,FUR-2002,Hündürlüyü tənzimlənən masa,Furniture,1110.21,2,0,145.78
ORD-50691,2024-06-22,2024-06-26,Standard Class,C-1022,Zaur Quliyeva,Consumer,Turkey,Ankara,FUR-2001,Ergonomik ofis kreslosu,Furniture,874.24,3,0,114.38
ORD-50692,2024-06-23,2024-06-27,Standard Class,C-1072,Elnur Demir,Consumer,Turkey,Istanbul,FUR-2004,Konfrans masası,Furniture,2656.4,3,0,-5.53
ORD-50693,2024-06-24,2024-06-28,Standard Class,C-1047,Levan Yılmaz,Consumer,Turkey,Istanbul,TEC-1004,Lenovo ThinkPad E14,Technology,4592.1,4,0,45.1
ORD-50694,2024-06-25,2024-06-30,Standard Class,C-1032,Zaur Məmmədli,Corporate,Azerbaijan,Baku,OFF-3005,Ağ lövhə 120x90,Office Supplies,318.06,4,0,71.8
ORD-50694,2024-06-25,2024-07-02,Standard Class,C-1032,Zaur Məmmədli,Corporate,Azerbaijan,Baku,TEC-1005,Samsung T7 SSD 1TB,Technology,270.57,2,0.05,73.67
ORD-50695,2024-06-25,2024-06-29,Standard Class,C-1097,Elnur Usmonova,Corporate,Azerbaijan,Ganja,OFF-3001,A4 kağız (5 paçka),Office Supplies,150.8,8,0.2,6.63
ORD-50696,2024-06-26,2024-07-01,Standard Class,C-1051,Nino Seitkali,Corporate,Kazakhstan,Almaty,OFF-3005,Ağ lövhə 120x90,Office Supplies,386.22,5,0,83.79
ORD-50697,2024-06-27,2024-07-01,Standard Class,C-1040,Kənan Karimov,Consumer,Turkey,Ankara,OFF-3005,Ağ lövhə 120x90,Office Supplies,64.43,1,0.2,-0.85
ORD-50697,2024-06-27,2024-07-01,Standard Class,C-1040,Kənan Karimov,Consumer,Turkey,Ankara,FUR-2001,Ergonomik ofis kreslosu,Furniture,1141.77,4,0,176.75
ORD-50698,2024-06-27,2024-07-04,Standard Class,C-1023,Aytən Nurlanov,Corporate,Turkey,Izmir,OFF-3003,Stepler və ştapellər,Office Supplies,84.64,6,0.05,28.93
ORD-50699,2024-06-27,2024-07-01,Standard Class,C-1089,Elif Quliyeva,Corporate,Kazakhstan,Almaty,FUR-2001,Ergonomik ofis kreslosu,Furniture,1397.32,5,0.05,178.7
ORD-50699,2024-06-27,2024-07-02,Standard Class,C-1089,Elif Quliyeva,Corporate,Kazakhstan,Almaty,OFF-3002,Gel qələm dəsti,Office Supplies,39.46,5,0.1,11.92
ORD-50699,2024-06-27,2024-07-04,Standard Class,C-1089,Elif Quliyeva,Corporate,Kazakhstan,Almaty,TEC-1004,Lenovo ThinkPad E14,Technology,6378.02,6,0.1,-135.07
ORD-50700,2024-06-28,2024-07-02,Standard Class,C-1117,Mehmet Məmmədli,Corporate,Georgia,Tbilisi,OFF-3004,Arxiv qovluğu,Office Supplies,49.94,8,0.1,11.97
ORD-50700,2024-06-28,2024-07-04,Standard Class,C-1117,Mehmet Məmmədli,Corporate,Georgia,Tbilisi,TEC-1001,Logitech MX Master 3S,Technology,389.85,3,0,101.69
ORD-50700,2024-06-28,2024-07-04,Standard Class,C-1117,Mehmet Məmmədli,Corporate,Georgia,Tbilisi,FUR-2003,Kitab rəfi 5 bölməli,Furniture,1115.91,10,0.3,-323.97
ORD-50701,2024-06-28,2024-07-05,Standard Class,C-1078,Madina Məmmədli,Consumer,Turkey,Ankara,OFF-3002,Gel qələm dəsti,Office Supplies,82.04,9,0,37.41
ORD-50702,2024-06-29,2024-07-02,Second Class,C-1066,Zaur Demir,Small Business,Azerbaijan,Baku,TEC-1001,Logitech MX Master 3S,Technology,238.55,2,0.05,69.8
ORD-50703,2024-06-30,2024-07-04,Standard Class,C-1106,Levan Əliyev,Consumer,Kazakhstan,Almaty,TEC-1003,HP LaserJet Pro M404,Technology,666.31,2,0,134.17
ORD-50703,2024-06-30,2024-07-07,Standard Class,C-1106,Levan Əliyev,Consumer,Kazakhstan,Almaty,TEC-1006,Jabra Evolve2 65,Technology,172.43,1,0.2,-1.14
ORD-50704,2024-07-01,2024-07-08,Standard Class,C-1051,Nino Seitkali,Corporate,Kazakhstan,Almaty,OFF-3002,Gel qələm dəsti,Office Supplies,58.59,8,0.2,10.65
ORD-50704,2024-07-01,2024-07-07,Standard Class,C-1051,Nino Seitkali,Corporate,Kazakhstan,Almaty,TEC-1005,Samsung T7 SSD 1TB,Technology,1220.36,10,0.1,184.5
ORD-50705,2024-07-01,2024-07-05,Standard Class,C-1023,Aytən Nurlanov,Corporate,Turkey,Izmir,TEC-1006,Jabra Evolve2 65,Technology,397.61,2,0.1,69.39
ORD-50706,2024-07-03,2024-07-10,Standard Class,C-1118,Kənan Quliyeva,Consumer,Georgia,Batumi,TEC-1004,Lenovo ThinkPad E14,Technology,4647.93,4,0,539.2
ORD-50707,2024-07-04,2024-07-11,Standard Class,C-1051,Nino Seitkali,Corporate,Kazakhstan,Almaty,TEC-1001,Logitech MX Master 3S,Technology,1391.41,11,0,374.69
ORD-50707,2024-07-04,2024-07-11,Standard Class,C-1051,Nino Seitkali,Corporate,Kazakhstan,Almaty,TEC-1003,HP LaserJet Pro M404,Technology,1683.28,5,0,233.12
ORD-50707,2024-07-04,2024-07-09,Standard Class,C-1051,Nino Seitkali,Corporate,Kazakhstan,Almaty,OFF-3002,Gel qələm dəsti,Office Supplies,73.75,8,0,36.51
ORD-50708,2024-07-04,2024-07-07,Second Class,C-1025,Zaur Quliyeva,Consumer,Georgia,Batumi,TEC-1006,Jabra Evolve2 65,Technology,1110.36,5,0,293.84
ORD-50709,2024-07-05,2024-07-09,Second Class,C-1096,Mehman Abdullayev,Consumer,Azerbaijan,Ganja,OFF-3004,Arxiv qovluğu,Office Supplies,62.27,9,0,22.26
ORD-50709,2024-07-05,2024-07-08,Second Class,C-1096,Mehman Abdullayev,Consumer,Azerbaijan,Ganja,TEC-1005,Samsung T7 SSD 1TB,Technology,698.23,5,0,191.93
ORD-50710,2024-07-05,2024-07-08,Second Class,C-1040,Kənan Karimov,Consumer,Turkey,Ankara,OFF-3005,Ağ lövhə 120x90,Office Supplies,615.13,8,0,195.06
ORD-50711,2024-07-05,2024-07-07,First Class,C-1072,Elnur Demir,Consumer,Turkey,Istanbul,TEC-1005,Samsung T7 SSD 1TB,Technology,788.65,6,0.05,212.94
ORD-50711,2024-07-05,2024-07-07,First Class,C-1072,Elnur Demir,Consumer,Turkey,Istanbul,FUR-2002,Hündürlüyü tənzimlənən masa,Furniture,1621.71,3,0,179.62
ORD-50712,2024-07-06,2024-07-13,Standard Class,C-1046,Lalə Nurlanov,Consumer,Azerbaijan,Ganja,OFF-3004,Arxiv qovluğu,Office Supplies,47.64,7,0,19.82
ORD-50713,2024-07-07,2024-07-13,Standard Class,C-1078,Madina Məmmədli,Consumer,Turkey,Ankara,TEC-1004,Lenovo ThinkPad E14,Technology,2088.38,2,0.1,-10.44
ORD-50713,2024-07-07,2024-07-11,Standard Class,C-1078,Madina Məmmədli,Consumer,Turkey,Ankara,TEC-1003,HP LaserJet Pro M404,Technology,336.5,1,0,49.91
ORD-50714,2024-07-08,2024-07-12,Standard Class,C-1015,Elif Həsənli,Corporate,Azerbaijan,Sumgait,FUR-2001,Ergonomik ofis kreslosu,Furniture,1502.51,6,0.15,-3.89
ORD-50715,2024-07-08,2024-07-12,Second Class,C-1117,Mehmet Məmmədli,Corporate,Georgia,Tbilisi,TEC-1003,HP LaserJet Pro M404,Technology,1350.51,4,0,219.15
ORD-50715,2024-07-08,2024-07-10,Second Class,C-1117,Mehmet Məmmədli,Corporate,Georgia,Tbilisi,TEC-1004,Lenovo ThinkPad E14,Technology,5851.16,5,0,1039.55
ORD-50716,2024-07-09,2024-07-13,Second Class,C-1097,Elnur Usmonova,Corporate,Azerbaijan,Ganja,OFF-3001,A4 kağız (5 paçka),Office Supplies,86.87,4,0.1,18.43
ORD-50716,2024-07-09,2024-07-13,Second Class,C-1097,Elnur Usmonova,Corporate,Azerbaijan,Ganja,FUR-2001,Ergonomik ofis kreslosu,Furniture,1403.02,5,0,225.66
ORD-50716,2024-07-09,2024-07-12,Second Class,C-1097,Elnur Usmonova,Corporate,Azerbaijan,Ganja,OFF-3002,Gel qələm dəsti,Office Supplies,35.18,4,0,15.73
ORD-50717,2024-07-10,2024-07-15,Standard Class,C-1030,Kənan Abdullayev,Consumer,Uzbekistan,Tashkent,OFF-3003,Stepler və ştapellər,Office Supplies,120.9,8,0,48.51
ORD-50718,2024-07-11,2024-07-17,Standard Class,C-1024,Bekzod Demir,Consumer,Uzbekistan,Samarkand,OFF-3004,Arxiv qovluğu,Office Supplies,49.8,7,0,20.73
ORD-50719,2024-07-12,2024-07-17,Standard Class,C-1030,Kənan Abdullayev,Consumer,Uzbekistan,Tashkent,OFF-3001,A4 kağız (5 paçka),Office Supplies,61.04,3,0.15,8.84
ORD-50720,2024-07-15,2024-07-18,Second Class,C-1005,Aruzhan Demir,Corporate,Uzbekistan,Tashkent,OFF-3003,Stepler və ştapellər,Office Supplies,14.34,1,0.05,5.34
ORD-50721,2024-07-15,2024-07-22,Standard Class,C-1046,Lalə Nurlanov,Consumer,Azerbaijan,Ganja,TEC-1002,Dell 27 Monitor P2723,Technology,1380.6,4,0.1,59.27
ORD-50721,2024-07-15,2024-07-19,Standard Class,C-1046,Lalə Nurlanov,Consumer,Azerbaijan,Ganja,FUR-2002,Hündürlüyü tənzimlənən masa,Furniture,2133.8,4,0,259.7
ORD-50721,2024-07-15,2024-07-20,Standard Class,C-1046,Lalə Nurlanov,Consumer,Azerbaijan,Ganja,OFF-3003,Stepler və ştapellər,Office Supplies,44.52,3,0,17.84
ORD-50722,2024-07-16,2024-07-20,Standard Class,C-1096,Mehman Abdullayev,Consumer,Azerbaijan,Ganja,OFF-3001,A4 kağız (5 paçka),Office Supplies,94.81,4,0,35.38
ORD-50722,2024-07-16,2024-07-23,Standard Class,C-1096,Mehman Abdullayev,Consumer,Azerbaijan,Ganja,OFF-3004,Arxiv qovluğu,Office Supplies,49.62,7,0,16.98
ORD-50723,2024-07-17,2024-07-20,Second Class,C-1028,Elif Nurlanov,Small Business,Turkey,Istanbul,TEC-1005,Samsung T7 SSD 1TB,Technology,1139.97,9,0.1,213.07
ORD-50724,2024-07-17,2024-07-21,Standard Class,C-1092,Bekzod Demir,Small Business,Uzbekistan,Tashkent,FUR-2004,Konfrans masası,Furniture,2747.62,3,0,172.86
ORD-50725,2024-07-18,2024-07-23,Standard Class,C-1106,Levan Əliyev,Consumer,Kazakhstan,Almaty,FUR-2004,Konfrans masası,Furniture,892.65,1,0,113.61
ORD-50725,2024-07-18,2024-07-24,Standard Class,C-1106,Levan Əliyev,Consumer,Kazakhstan,Almaty,FUR-2001,Ergonomik ofis kreslosu,Furniture,1740.18,6,0,265.87
ORD-50726,2024-07-18,2024-07-21,First Class,C-1061,Zeynep Həsənli,Corporate,Turkey,Izmir,TEC-1001,Logitech MX Master 3S,Technology,804.18,8,0.2,60.79
ORD-50726,2024-07-18,2024-07-21,First Class,C-1061,Zeynep Həsənli,Corporate,Turkey,Izmir,OFF-3001,A4 kağız (5 paçka),Office Supplies,219.72,10,0.1,47.39
ORD-50727,2024-07-19,2024-07-22,Second Class,C-1117,Mehmet Məmmədli,Corporate,Georgia,Tbilisi,OFF-3005,Ağ lövhə 120x90,Office Supplies,65.93,1,0.15,0.57
ORD-50727,2024-07-19,2024-07-23,Second Class,C-1117,Mehmet Məmmədli,Corporate,Georgia,Tbilisi,OFF-3001,A4 kağız (5 paçka),Office Supplies,40.75,2,0.15,6.43
ORD-50728,2024-07-21,2024-07-26,Standard Class,C-1007,Anar Yılmaz,Consumer,Turkey,Ankara,TEC-1004,Lenovo ThinkPad E14,Technology,2010.04,2,0.1,6.1
ORD-50729,2024-07-22,2024-07-24,Second Class,C-1020,Gülnar Əliyev,Small Business,Kazakhstan,Astana,TEC-1002,Dell 27 Monitor P2723,Technology,1142.03,3,0,193.24
ORD-50729,2024-07-22,2024-07-26,Second Class,C-1020,Gülnar Əliyev,Small Business,Kazakhstan,Astana,FUR-2003,Kitab rəfi 5 bölməli,Furniture,622.66,5,0.2,-104.52
ORD-50730,2024-07-22,2024-07-26,Standard Class,C-1085,Lalə Əliyev,Consumer,Azerbaijan,Baku,FUR-2001,Ergonomik ofis kreslosu,Furniture,2005.4,7,0,274.02
ORD-50730,2024-07-22,2024-07-29,Standard Class,C-1085,Lalə Əliyev,Consumer,Azerbaijan,Baku,TEC-1001,Logitech MX Master 3S,Technology,254.48,2,0,63.25
ORD-50730,2024-07-22,2024-07-28,Standard Class,C-1085,Lalə Əliyev,Consumer,Azerbaijan,Baku,TEC-1006,Jabra Evolve2 65,Technology,1069.57,7,0.3,-120.88
ORD-50731,2024-07-23,2024-07-26,First Class,C-1047,Levan Yılmaz,Consumer,Turkey,Istanbul,TEC-1006,Jabra Evolve2 65,Technology,1712.04,8,0,426.96
ORD-50732,2024-07-24,2024-07-28,Standard Class,C-1062,Dilnoza Usmonova,Corporate,Uzbekistan,Samarkand,TEC-1001,Logitech MX Master 3S,Technology,414.78,4,0.2,-6.58
ORD-50732,2024-07-24,2024-07-28,Standard Class,C-1062,Dilnoza Usmonova,Corporate,Uzbekistan,Samarkand,TEC-1005,Samsung T7 SSD 1TB,Technology,685.63,7,0.3,-34.23
ORD-50732,2024-07-24,2024-07-31,Standard Class,C-1062,Dilnoza Usmonova,Corporate,Uzbekistan,Samarkand,OFF-3002,Gel qələm dəsti,Office Supplies,49.39,6,0.1,15.61
ORD-50733,2024-07-25,2024-07-29,Standard Class,C-1072,Elnur Demir,Consumer,Turkey,Istanbul,OFF-3003,Stepler və ştapellər,Office Supplies,24.2,2,0.2,4.9
ORD-50733,2024-07-25,2024-07-29,Standard Class,C-1072,Elnur Demir,Consumer,Turkey,Istanbul,OFF-3003,Stepler və ştapellər,Office Supplies,134.41,9,0,56.8
ORD-50734,2024-07-26,2024-08-02,Standard Class,C-1072,Elnur Demir,Consumer,Turkey,Istanbul,FUR-2003,Kitab rəfi 5 bölməli,Furniture,326.11,2,0,19.45
ORD-50735,2024-07-26,2024-07-31,Standard Class,C-1054,Zaur Əliyev,Corporate,Kazakhstan,Astana,OFF-3002,Gel qələm dəsti,Office Supplies,7.28,1,0.2,1.52
ORD-50735,2024-07-26,2024-07-31,Standard Class,C-1054,Zaur Əliyev,Corporate,Kazakhstan,Astana,FUR-2001,Ergonomik ofis kreslosu,Furniture,1120.71,4,0.05,90.73
ORD-50736,2024-07-26,2024-08-02,Standard Class,C-1085,Lalə Əliyev,Consumer,Azerbaijan,Baku,TEC-1006,Jabra Evolve2 65,Technology,882.25,4,0,250.15
ORD-50736,2024-07-26,2024-07-30,Standard Class,C-1085,Lalə Əliyev,Consumer,Azerbaijan,Baku,TEC-1003,HP LaserJet Pro M404,Technology,1311.05,4,0,202.74
ORD-50737,2024-07-28,2024-07-30,Second Class,C-1086,Levan Yılmaz,Consumer,Uzbekistan,Tashkent,TEC-1005,Samsung T7 SSD 1TB,Technology,338.43,3,0.2,9.71
ORD-50737,2024-07-28,2024-07-30,Second Class,C-1086,Levan Yılmaz,Consumer,Uzbekistan,Tashkent,OFF-3001,A4 kağız (5 paçka),Office Supplies,73.67,3,0,26.0
ORD-50738,2024-07-28,2024-08-01,Standard Class,C-1085,Lalə Əliyev,Consumer,Azerbaijan,Baku,FUR-2004,Konfrans masası,Furniture,2723.76,3,0,88.89
ORD-50738,2024-07-28,2024-08-04,Standard Class,C-1085,Lalə Əliyev,Consumer,Azerbaijan,Baku,TEC-1002,Dell 27 Monitor P2723,Technology,383.56,1,0,84.6
ORD-50739,2024-07-28,2024-07-31,Second Class,C-1043,Sevinc Həsənli,Corporate,Azerbaijan,Ganja,OFF-3004,Arxiv qovluğu,Office Supplies,13.77,2,0,5.13
ORD-50740,2024-07-29,2024-08-03,Standard Class,C-1043,Sevinc Həsənli,Corporate,Azerbaijan,Ganja,TEC-1002,Dell 27 Monitor P2723,Technology,1396.73,4,0.1,81.19
ORD-50740,2024-07-29,2024-08-05,Standard Class,C-1043,Sevinc Həsənli,Corporate,Azerbaijan,Ganja,TEC-1006,Jabra Evolve2 65,Technology,1583.04,9,0.2,16.06
ORD-50741,2024-07-29,2024-07-31,First Class,C-1061,Zeynep Həsənli,Corporate,Turkey,Izmir,OFF-3004,Arxiv qovluğu,Office Supplies,48.22,8,0.15,6.54
ORD-50742,2024-07-30,2024-08-03,Standard Class,C-1113,Levan Usmonova,Consumer,Kazakhstan,Almaty,OFF-3001,A4 kağız (5 paçka),Office Supplies,49.43,2,0,16.92
ORD-50742,2024-07-30,2024-08-04,Standard Class,C-1113,Levan Usmonova,Consumer,Kazakhstan,Almaty,OFF-3004,Arxiv qovluğu,Office Supplies,64.58,9,0,23.46
ORD-50743,2024-07-30,2024-08-06,Standard Class,C-1005,Aruzhan Demir,Corporate,Uzbekistan,Tashkent,OFF-3001,A4 kağız (5 paçka),Office Supplies,189.75,9,0.1,44.4
ORD-50744,2024-07-31,2024-08-04,Standard Class,C-1051,Nino Seitkali,Corporate,Kazakhstan,Almaty,OFF-3004,Arxiv qovluğu,Office Supplies,42.3,6,0,14.94
ORD-50744,2024-07-31,2024-08-06,Standard Class,C-1051,Nino Seitkali,Corporate,Kazakhstan,Almaty,TEC-1005,Samsung T7 SSD 1TB,Technology,638.89,5,0.1,112.3
ORD-50745,2024-07-31,2024-08-06,Standard Class,C-1022,Zaur Quliyeva,Consumer,Turkey,Ankara,TEC-1001,Logitech MX Master 3S,Technology,128.06,1,0,36.23
ORD-50746,2024-08-01,2024-08-08,Standard Class,C-1022,Zaur Quliyeva,Consumer,Turkey,Ankara,OFF-3002,Gel qələm dəsti,Office Supplies,18.52,2,0,9.19
ORD-50747,2024-08-01,2024-08-04,Second Class,C-1021,Can Əliyev,Corporate,Turkey,Ankara,OFF-3001,A4 kağız (5 paçka),Office Supplies,122.27,5,0,46.1
ORD-50747,2024-08-01,2024-08-05,Second Class,C-1021,Can Əliyev,Corporate,Turkey,Ankara,FUR-2004,Konfrans masası,Furniture,3481.31,4,0.05,101.87
ORD-50748,2024-08-02,2024-08-09,Standard Class,C-1078,Madina Məmmədli,Consumer,Turkey,Ankara,TEC-1001,Logitech MX Master 3S,Technology,216.44,2,0.15,8.8
ORD-50749,2024-08-03,2024-08-10,Standard Class,C-1039,Aidos Usmonova,Consumer,Azerbaijan,Sumgait,OFF-3005,Ağ lövhə 120x90,Office Supplies,568.94,8,0.1,49.02
ORD-50749,2024-08-03,2024-08-10,Standard Class,C-1039,Aidos Usmonova,Consumer,Azerbaijan,Sumgait,OFF-3001,A4 kağız (5 paçka),Office Supplies,75.9,4,0.2,9.25
ORD-50750,2024-08-05,2024-08-05,Same Day,C-1054,Zaur Əliyev,Corporate,Kazakhstan,Astana,TEC-1004,Lenovo ThinkPad E14,Technology,7865.0,7,0,921.44
ORD-50750,2024-08-05,2024-08-05,Same Day,C-1054,Zaur Əliyev,Corporate,Kazakhstan,Astana,OFF-3005,Ağ lövhə 120x90,Office Supplies,429.56,6,0.1,27.97
ORD-50751,2024-08-06,2024-08-11,Standard Class,C-1015,Elif Həsənli,Corporate,Azerbaijan,Sumgait,FUR-2004,Konfrans masası,Furniture,4323.61,5,0.05,-114.88
ORD-50751,2024-08-06,2024-08-11,Standard Class,C-1015,Elif Həsənli,Corporate,Azerbaijan,Sumgait,TEC-1006,Jabra Evolve2 65,Technology,1856.35,9,0.05,293.77
ORD-50752,2024-08-06,2024-08-10,Standard Class,C-1028,Elif Nurlanov,Small Business,Turkey,Istanbul,OFF-3005,Ağ lövhə 120x90,Office Supplies,512.27,7,0.05,79.15
ORD-50752,2024-08-06,2024-08-12,Standard Class,C-1028,Elif Nurlanov,Small Business,Turkey,Istanbul,OFF-3005,Ağ lövhə 120x90,Office Supplies,80.07,1,0,19.85
ORD-50753,2024-08-07,2024-08-08,First Class,C-1113,Levan Usmonova,Consumer,Kazakhstan,Almaty,TEC-1001,Logitech MX Master 3S,Technology,252.89,2,0,63.74
ORD-50753,2024-08-07,2024-08-10,First Class,C-1113,Levan Usmonova,Consumer,Kazakhstan,Almaty,TEC-1006,Jabra Evolve2 65,Technology,377.43,2,0.15,11.06
ORD-50754,2024-08-08,2024-08-13,Standard Class,C-1114,Nino Məmmədli,Consumer,Azerbaijan,Sumgait,TEC-1001,Logitech MX Master 3S,Technology,1054.55,8,0,279.53
ORD-50754,2024-08-08,2024-08-12,Standard Class,C-1114,Nino Məmmədli,Consumer,Azerbaijan,Sumgait,FUR-2001,Ergonomik ofis kreslosu,Furniture,281.87,1,0.05,16.39
ORD-50755,2024-08-12,2024-08-17,Standard Class,C-1054,Zaur Əliyev,Corporate,Kazakhstan,Astana,FUR-2002,Hündürlüyü tənzimlənən masa,Furniture,1734.82,4,0.2,-216.44
ORD-50756,2024-08-14,2024-08-21,Standard Class,C-1061,Zeynep Həsənli,Corporate,Turkey,Izmir,OFF-3002,Gel qələm dəsti,Office Supplies,63.46,8,0.1,22.32
ORD-50757,2024-08-15,2024-08-21,Standard Class,C-1057,Mehman Kapanadze,Consumer,Azerbaijan,Sumgait,FUR-2002,Hündürlüyü tənzimlənən masa,Furniture,1080.65,2,0,139.14
ORD-50758,2024-08-15,2024-08-19,Standard Class,C-1049,Dilnoza Kapanadze,Consumer,Turkey,Istanbul,OFF-3002,Gel qələm dəsti,Office Supplies,18.09,2,0,8.18
ORD-50759,2024-08-17,2024-08-20,Second Class,C-1025,Zaur Quliyeva,Consumer,Georgia,Batumi,FUR-2003,Kitab rəfi 5 bölməli,Furniture,651.98,4,0,40.4
ORD-50759,2024-08-17,2024-08-21,Second Class,C-1025,Zaur Quliyeva,Consumer,Georgia,Batumi,FUR-2001,Ergonomik ofis kreslosu,Furniture,1676.08,7,0.15,-69.66
ORD-50760,2024-08-17,2024-08-20,First Class,C-1025,Zaur Quliyeva,Consumer,Georgia,Batumi,TEC-1002,Dell 27 Monitor P2723,Technology,1021.2,3,0.15,23.26
ORD-50761,2024-08-18,2024-08-25,Standard Class,C-1078,Madina Məmmədli,Consumer,Turkey,Ankara,TEC-1005,Samsung T7 SSD 1TB,Technology,549.75,4,0,173.5
ORD-50762,2024-08-18,2024-08-18,Same Day,C-1088,Emin Əliyev,Corporate,Turkey,Izmir,TEC-1005,Samsung T7 SSD 1TB,Technology,936.77,7,0.05,214.61
ORD-50762,2024-08-18,2024-08-18,Same Day,C-1088,Emin Əliyev,Corporate,Turkey,Izmir,TEC-1004,Lenovo ThinkPad E14,Technology,4461.97,4,0.05,269.75
ORD-50762,2024-08-18,2024-08-18,Same Day,C-1088,Emin Əliyev,Corporate,Turkey,Izmir,TEC-1003,HP LaserJet Pro M404,Technology,2371.36,7,0,306.13
ORD-50763,2024-08-19,2024-08-22,First Class,C-1106,Levan Əliyev,Consumer,Kazakhstan,Almaty,TEC-1005,Samsung T7 SSD 1TB,Technology,568.64,4,0,194.01
ORD-50763,2024-08-19,2024-08-21,First Class,C-1106,Levan Əliyev,Consumer,Kazakhstan,Almaty,TEC-1002,Dell 27 Monitor P2723,Technology,1596.9,4,0,284.5
ORD-50764,2024-08-21,2024-08-21,Same Day,C-1038,Nino Həsənli,Corporate,Turkey,Izmir,OFF-3003,Stepler və ştapellər,Office Supplies,71.85,7,0.3,-0.56
ORD-50765,2024-08-22,2024-08-26,Standard Class,C-1099,Giorgi Nurlanov,Corporate,Georgia,Tbilisi,TEC-1003,HP LaserJet Pro M404,Technology,695.92,3,0.3,-131.8
ORD-50766,2024-08-23,2024-08-29,Standard Class,C-1047,Levan Yılmaz,Consumer,Turkey,Istanbul,TEC-1006,Jabra Evolve2 65,Technology,744.77,4,0.15,39.51
ORD-50766,2024-08-23,2024-08-30,Standard Class,C-1047,Levan Yılmaz,Consumer,Turkey,Istanbul,TEC-1004,Lenovo ThinkPad E14,Technology,3495.12,3,0,354.11
ORD-50767,2024-08-24,2024-08-24,Same Day,C-1039,Aidos Usmonova,Consumer,Azerbaijan,Sumgait,FUR-2003,Kitab rəfi 5 bölməli,Furniture,962.83,6,0,54.71
ORD-50767,2024-08-24,2024-08-24,Same Day,C-1039,Aidos Usmonova,Consumer,Azerbaijan,Sumgait,OFF-3003,Stepler və ştapellər,Office Supplies,119.68,8,0,40.45
ORD-50768,2024-08-26,2024-08-30,Second Class,C-1065,Aidos Karimov,Consumer,Kazakhstan,Almaty,OFF-3002,Gel qələm dəsti,Office Supplies,31.97,4,0.1,10.96
ORD-50769,2024-08-26,2024-09-02,Standard Class,C-1097,Elnur Usmonova,Corporate,Azerbaijan,Ganja,FUR-2002,Hündürlüyü tənzimlənən masa,Furniture,3202.52,7,0.15,-222.04
ORD-50769,2024-08-26,2024-08-31,Standard Class,C-1097,Elnur Usmonova,Corporate,Azerbaijan,Ganja,TEC-1006,Jabra Evolve2 65,Technology,867.46,4,0,200.97
ORD-50770,2024-08-28,2024-09-02,Standard Class,C-1038,Nino Həsənli,Corporate,Turkey,Izmir,FUR-2002,Hündürlüyü tənzimlənən masa,Furniture,2224.91,5,0.2,-361.43
ORD-50770,2024-08-28,2024-09-01,Standard Class,C-1038,Nino Həsənli,Corporate,Turkey,Izmir,FUR-2002,Hündürlüyü tənzimlənən masa,Furniture,1630.98,3,0,114.87
ORD-50771,2024-08-28,2024-09-01,Standard Class,C-1037,Levan Beridze,Consumer,Georgia,Tbilisi,FUR-2003,Kitab rəfi 5 bölməli,Furniture,931.01,7,0.15,-80.89
ORD-50772,2024-08-30,2024-09-02,Second Class,C-1051,Nino Seitkali,Corporate,Kazakhstan,Almaty,TEC-1005,Samsung T7 SSD 1TB,Technology,337.18,3,0.2,4.6
ORD-50772,2024-08-30,2024-09-03,Second Class,C-1051,Nino Seitkali,Corporate,Kazakhstan,Almaty,OFF-3003,Stepler və ştapellər,Office Supplies,141.77,10,0.05,47.9
ORD-50773,2024-08-31,2024-09-07,Standard Class,C-1004,Zaur Quliyeva,Small Business,Turkey,Istanbul,OFF-3003,Stepler və ştapellər,Office Supplies,55.79,4,0.05,18.34
ORD-50774,2024-08-31,2024-09-02,Second Class,C-1014,Elnur Yılmaz,Consumer,Turkey,Izmir,OFF-3005,Ağ lövhə 120x90,Office Supplies,235.31,3,0,52.1
ORD-50774,2024-08-31,2024-09-04,Second Class,C-1014,Elnur Yılmaz,Consumer,Turkey,Izmir,OFF-3001,A4 kağız (5 paçka),Office Supplies,171.76,7,0,57.99
ORD-50775,2024-09-01,2024-09-07,Standard Class,C-1086,Levan Yılmaz,Consumer,Uzbekistan,Tashkent,TEC-1005,Samsung T7 SSD 1TB,Technology,945.64,7,0,242.11
ORD-50775,2024-09-01,2024-09-05,Standard Class,C-1086,Levan Yılmaz,Consumer,Uzbekistan,Tashkent,TEC-1006,Jabra Evolve2 65,Technology,1092.99,6,0.15,33.54
ORD-50775,2024-09-01,2024-09-08,Standard Class,C-1086,Levan Yılmaz,Consumer,Uzbekistan,Tashkent,OFF-3001,A4 kağız (5 paçka),Office Supplies,115.76,7,0.3,0.92
ORD-50776,2024-09-01,2024-09-08,Standard Class,C-1088,Emin Əliyev,Corporate,Turkey,Izmir,OFF-3003,Stepler və ştapellər,Office Supplies,103.51,8,0.15,24.45
ORD-50776,2024-09-01,2024-09-05,Standard Class,C-1088,Emin Əliyev,Corporate,Turkey,Izmir,FUR-2004,Konfrans masası,Furniture,3134.6,4,0.15,-323.59
ORD-50777,2024-09-02,2024-09-02,Same Day,C-1113,Levan Usmonova,Consumer,Kazakhstan,Almaty,OFF-3004,Arxiv qovluğu,Office Supplies,44.2,8,0.2,5.4
ORD-50778,2024-09-03,2024-09-08,Standard Class,C-1006,Zeynep Həsənli,Consumer,Kazakhstan,Almaty,TEC-1005,Samsung T7 SSD 1TB,Technology,831.3,6,0,221.83
ORD-50778,2024-09-03,2024-09-07,Standard Class,C-1006,Zeynep Həsənli,Consumer,Kazakhstan,Almaty,OFF-3005,Ağ lövhə 120x90,Office Supplies,428.64,6,0.1,55.14
ORD-50778,2024-09-03,2024-09-09,Standard Class,C-1006,Zeynep Həsənli,Consumer,Kazakhstan,Almaty,TEC-1001,Logitech MX Master 3S,Technology,254.57,2,0,78.55
ORD-50779,2024-09-04,2024-09-11,Standard Class,C-1040,Kənan Karimov,Consumer,Turkey,Ankara,TEC-1006,Jabra Evolve2 65,Technology,629.9,4,0.3,-87.21
ORD-50779,2024-09-04,2024-09-09,Standard Class,C-1040,Kənan Karimov,Consumer,Turkey,Ankara,OFF-3002,Gel qələm dəsti,Office Supplies,8.73,1,0,3.92
ORD-50780,2024-09-04,2024-09-11,Standard Class,C-1068,Elnur Abdullayev,Consumer,Georgia,Batumi,FUR-2004,Konfrans masası,Furniture,919.1,1,0,47.76
ORD-50780,2024-09-04,2024-09-08,Standard Class,C-1068,Elnur Abdullayev,Consumer,Georgia,Batumi,TEC-1003,HP LaserJet Pro M404,Technology,974.22,3,0,159.22
ORD-50781,2024-09-05,2024-09-12,Standard Class,C-1077,Ruslan Həsənli,Corporate,Azerbaijan,Sumgait,OFF-3005,Ağ lövhə 120x90,Office Supplies,394.83,6,0.15,28.81
ORD-50781,2024-09-05,2024-09-09,Standard Class,C-1077,Ruslan Həsənli,Corporate,Azerbaijan,Sumgait,TEC-1001,Logitech MX Master 3S,Technology,937.65,9,0.2,29.8
ORD-50782,2024-09-06,2024-09-09,Second Class,C-1086,Levan Yılmaz,Consumer,Uzbekistan,Tashkent,OFF-3003,Stepler və ştapellər,Office Supplies,45.84,3,0,18.48
ORD-50783,2024-09-06,2024-09-07,First Class,C-1025,Zaur Quliyeva,Consumer,Georgia,Batumi,TEC-1004,Lenovo ThinkPad E14,Technology,4661.78,4,0,459.66
ORD-50783,2024-09-06,2024-09-07,First Class,C-1025,Zaur Quliyeva,Consumer,Georgia,Batumi,TEC-1004,Lenovo ThinkPad E14,Technology,3458.4,3,0,421.86
ORD-50783,2024-09-06,2024-09-07,First Class,C-1025,Zaur Quliyeva,Consumer,Georgia,Batumi,TEC-1001,Logitech MX Master 3S,Technology,526.87,4,0,139.91
ORD-50784,2024-09-07,2024-09-14,Standard Class,C-1007,Anar Yılmaz,Consumer,Turkey,Ankara,FUR-2002,Hündürlüyü tənzimlənən masa,Furniture,1083.13,2,0,113.62
ORD-50784,2024-09-07,2024-09-14,Standard Class,C-1007,Anar Yılmaz,Consumer,Turkey,Ankara,FUR-2004,Konfrans masası,Furniture,875.59,1,0,76.7
ORD-50785,2024-09-07,2024-09-09,First Class,C-1086,Levan Yılmaz,Consumer,Uzbekistan,Tashkent,TEC-1001,Logitech MX Master 3S,Technology,1040.7,8,0,305.06
ORD-50785,2024-09-07,2024-09-09,First Class,C-1086,Levan Yılmaz,Consumer,Uzbekistan,Tashkent,FUR-2001,Ergonomik ofis kreslosu,Furniture,565.27,2,0,79.24
ORD-50785,2024-09-07,2024-09-08,First Class,C-1086,Levan Yılmaz,Consumer,Uzbekistan,Tashkent,TEC-1002,Dell 27 Monitor P2723,Technology,774.3,2,0,149.39
ORD-50786,2024-09-08,2024-09-14,Standard Class,C-1068,Elnur Abdullayev,Consumer,Georgia,Batumi,TEC-1003,HP LaserJet Pro M404,Technology,337.41,1,0,54.72
ORD-50786,2024-09-08,2024-09-14,Standard Class,C-1068,Elnur Abdullayev,Consumer,Georgia,Batumi,OFF-3001,A4 kağız (5 paçka),Office Supplies,48.54,2,0,15.27
ORD-50787,2024-09-08,2024-09-14,Standard Class,C-1051,Nino Seitkali,Corporate,Kazakhstan,Almaty,FUR-2003,Kitab rəfi 5 bölməli,Furniture,734.89,5,0.05,30.2
ORD-50788,2024-09-08,2024-09-10,First Class,C-1039,Aidos Usmonova,Consumer,Azerbaijan,Sumgait,TEC-1003,HP LaserJet Pro M404,Technology,320.62,1,0,50.99
ORD-50789,2024-09-10,2024-09-15,Standard Class,C-1062,Dilnoza Usmonova,Corporate,Uzbekistan,Samarkand,TEC-1002,Dell 27 Monitor P2723,Technology,691.48,2,0.1,60.35
ORD-50790,2024-09-10,2024-09-16,Standard Class,C-1063,Mehmet Kaya,Consumer,Turkey,Istanbul,FUR-2001,Ergonomik ofis kreslosu,Furniture,2542.99,9,0,327.88
ORD-50790,2024-09-10,2024-09-16,Standard Class,C-1063,Mehmet Kaya,Consumer,Turkey,Istanbul,TEC-1005,Samsung T7 SSD 1TB,Technology,709.53,5,0,240.45
ORD-50791,2024-09-11,2024-09-13,Second Class,C-1024,Bekzod Demir,Consumer,Uzbekistan,Samarkand,OFF-3004,Arxiv qovluğu,Office Supplies,32.91,6,0.2,5.03
ORD-50792,2024-09-12,2024-09-16,Standard Class,C-1085,Lalə Əliyev,Consumer,Azerbaijan,Baku,OFF-3001,A4 kağız (5 paçka),Office Supplies,68.77,3,0.05,22.07
ORD-50792,2024-09-12,2024-09-19,Standard Class,C-1085,Lalə Əliyev,Consumer,Azerbaijan,Baku,TEC-1003,HP LaserJet Pro M404,Technology,1330.71,4,0,290.23
ORD-50792,2024-09-12,2024-09-18,Standard Class,C-1085,Lalə Əliyev,Consumer,Azerbaijan,Baku,TEC-1002,Dell 27 Monitor P2723,Technology,1157.51,3,0,227.93
ORD-50793,2024-09-12,2024-09-17,Standard Class,C-1001,Bekzod Usmonova,Consumer,Turkey,Izmir,FUR-2001,Ergonomik ofis kreslosu,Furniture,2330.89,8,0,410.1
ORD-50794,2024-09-14,2024-09-19,Standard Class,C-1046,Lalə Nurlanov,Consumer,Azerbaijan,Ganja,TEC-1006,Jabra Evolve2 65,Technology,342.21,2,0.2,2.48
ORD-50795,2024-09-14,2024-09-20,Standard Class,C-1085,Lalə Əliyev,Consumer,Azerbaijan,Baku,OFF-3005,Ağ lövhə 120x90,Office Supplies,394.67,5,0,73.64
ORD-50795,2024-09-14,2024-09-19,Standard Class,C-1085,Lalə Əliyev,Consumer,Azerbaijan,Baku,FUR-2001,Ergonomik ofis kreslosu,Furniture,295.7,1,0,33.72
ORD-50796,2024-09-15,2024-09-15,Same Day,C-1066,Zaur Demir,Small Business,Azerbaijan,Baku,TEC-1004,Lenovo ThinkPad E14,Technology,3191.5,3,0.1,-153.45
ORD-50796,2024-09-15,2024-09-15,Same Day,C-1066,Zaur Demir,Small Business,Azerbaijan,Baku,TEC-1003,HP LaserJet Pro M404,Technology,555.14,2,0.15,-3.24
ORD-50796,2024-09-15,2024-09-15,Same Day,C-1066,Zaur Demir,Small Business,Azerbaijan,Baku,TEC-1001,Logitech MX Master 3S,Technology,396.83,3,0,104.69
ORD-50797,2024-09-16,2024-09-22,Standard Class,C-1079,Aruzhan Beridze,Corporate,Azerbaijan,Baku,TEC-1002,Dell 27 Monitor P2723,Technology,1829.44,6,0.2,-214.02
ORD-50797,2024-09-16,2024-09-20,Standard Class,C-1079,Aruzhan Beridze,Corporate,Azerbaijan,Baku,FUR-2002,Hündürlüyü tənzimlənən masa,Furniture,1077.42,2,0,114.34
ORD-50797,2024-09-16,2024-09-21,Standard Class,C-1079,Aruzhan Beridze,Corporate,Azerbaijan,Baku,TEC-1002,Dell 27 Monitor P2723,Technology,2316.07,7,0.15,-6.15
ORD-50798,2024-09-16,2024-09-21,Standard Class,C-1055,Ruslan Usmonova,Small Business,Turkey,Ankara,TEC-1003,HP LaserJet Pro M404,Technology,270.77,1,0.2,-34.46
ORD-50798,2024-09-16,2024-09-21,Standard Class,C-1055,Ruslan Usmonova,Small Business,Turkey,Ankara,OFF-3004,Arxiv qovluğu,Office Supplies,12.46,2,0.1,3.47
ORD-50798,2024-09-16,2024-09-23,Standard Class,C-1055,Ruslan Usmonova,Small Business,Turkey,Ankara,FUR-2003,Kitab rəfi 5 bölməli,Furniture,146.77,1,0.1,-13.95
ORD-50799,2024-09-17,2024-09-21,Standard Class,C-1109,Gülnar Beridze,Consumer,Azerbaijan,Sumgait,TEC-1002,Dell 27 Monitor P2723,Technology,388.49,1,0,65.75
ORD-50800,2024-09-18,2024-09-21,Second Class,C-1005,Aruzhan Demir,Corporate,Uzbekistan,Tashkent,TEC-1003,HP LaserJet Pro M404,Technology,2003.22,7,0.15,-73.11
ORD-50801,2024-09-19,2024-09-20,First Class,C-1040,Kənan Karimov,Consumer,Turkey,Ankara,TEC-1003,HP LaserJet Pro M404,Technology,665.86,2,0,76.29
ORD-50801,2024-09-19,2024-09-22,First Class,C-1040,Kənan Karimov,Consumer,Turkey,Ankara,FUR-2004,Konfrans masası,Furniture,2686.3,3,0,133.97
ORD-50801,2024-09-19,2024-09-21,First Class,C-1040,Kənan Karimov,Consumer,Turkey,Ankara,OFF-3002,Gel qələm dəsti,Office Supplies,81.09,9,0,36.24
ORD-50802,2024-09-19,2024-09-23,Standard Class,C-1037,Levan Beridze,Consumer,Georgia,Tbilisi,FUR-2003,Kitab rəfi 5 bölməli,Furniture,483.42,3,0,45.32
ORD-50803,2024-09-19,2024-09-23,Standard Class,C-1072,Elnur Demir,Consumer,Turkey,Istanbul,OFF-3004,Arxiv qovluğu,Office Supplies,6.8,1,0,2.51
ORD-50803,2024-09-19,2024-09-25,Standard Class,C-1072,Elnur Demir,Consumer,Turkey,Istanbul,TEC-1002,Dell 27 Monitor P2723,Technology,323.76,1,0.15,3.31
ORD-50804,2024-09-20,2024-09-23,Second Class,C-1025,Zaur Quliyeva,Consumer,Georgia,Batumi,TEC-1004,Lenovo ThinkPad E14,Technology,3463.47,3,0,376.58
ORD-50805,2024-09-20,2024-09-27,Standard Class,C-1063,Mehmet Kaya,Consumer,Turkey,Istanbul,TEC-1004,Lenovo ThinkPad E14,Technology,2361.59,2,0,349.95
ORD-50805,2024-09-20,2024-09-26,Standard Class,C-1063,Mehmet Kaya,Consumer,Turkey,Istanbul,FUR-2003,Kitab rəfi 5 bölməli,Furniture,1453.26,9,0,116.83
ORD-50806,2024-09-22,2024-09-23,First Class,C-1097,Elnur Usmonova,Corporate,Azerbaijan,Ganja,TEC-1004,Lenovo ThinkPad E14,Technology,4310.74,4,0.05,421.05
ORD-50807,2024-09-23,2024-09-27,Standard Class,C-1069,Mehmet Məmmədli,Consumer,Azerbaijan,Ganja,FUR-2002,Hündürlüyü tənzimlənən masa,Furniture,1346.65,3,0.2,-196.3
ORD-50808,2024-09-23,2024-09-24,First Class,C-1072,Elnur Demir,Consumer,Turkey,Istanbul,TEC-1004,Lenovo ThinkPad E14,Technology,2295.75,2,0,220.83
ORD-50808,2024-09-23,2024-09-24,First Class,C-1072,Elnur Demir,Consumer,Turkey,Istanbul,OFF-3004,Arxiv qovluğu,Office Supplies,21.35,3,0,9.07
ORD-50809,2024-09-24,2024-09-28,Standard Class,C-1096,Mehman Abdullayev,Consumer,Azerbaijan,Ganja,FUR-2004,Konfrans masası,Furniture,2628.17,3,0,165.46
ORD-50809,2024-09-24,2024-09-30,Standard Class,C-1096,Mehman Abdullayev,Consumer,Azerbaijan,Ganja,TEC-1005,Samsung T7 SSD 1TB,Technology,1109.67,8,0,337.03
ORD-50810,2024-09-24,2024-09-29,Standard Class,C-1054,Zaur Əliyev,Corporate,Kazakhstan,Astana,FUR-2002,Hündürlüyü tənzimlənən masa,Furniture,3104.29,6,0.05,37.74
ORD-50810,2024-09-24,2024-09-28,Standard Class,C-1054,Zaur Əliyev,Corporate,Kazakhstan,Astana,TEC-1003,HP LaserJet Pro M404,Technology,1005.76,3,0,182.44
ORD-50811,2024-09-24,2024-09-26,Second Class,C-1085,Lalə Əliyev,Consumer,Azerbaijan,Baku,OFF-3003,Stepler və ştapellər,Office Supplies,114.46,8,0.05,37.43
ORD-50811,2024-09-24,2024-09-26,Second Class,C-1085,Lalə Əliyev,Consumer,Azerbaijan,Baku,TEC-1006,Jabra Evolve2 65,Technology,1749.94,8,0,372.99
ORD-50812,2024-09-25,2024-10-02,Standard Class,C-1092,Bekzod Demir,Small Business,Uzbekistan,Tashkent,FUR-2002,Hündürlüyü tənzimlənən masa,Furniture,2231.82,4,0,201.61
ORD-50813,2024-09-25,2024-09-29,Standard Class,C-1086,Levan Yılmaz,Consumer,Uzbekistan,Tashkent,TEC-1001,Logitech MX Master 3S,Technology,1152.22,9,0,374.12
ORD-50813,2024-09-25,2024-10-01,Standard Class,C-1086,Levan Yılmaz,Consumer,Uzbekistan,Tashkent,TEC-1004,Lenovo ThinkPad E14,Technology,3424.09,3,0,551.74
ORD-50814,2024-09-26,2024-09-26,Same Day,C-1037,Levan Beridze,Consumer,Georgia,Tbilisi,TEC-1001,Logitech MX Master 3S,Technology,376.41,3,0,108.97
ORD-50815,2024-09-28,2024-10-02,Standard Class,C-1003,Aidos Kapanadze,Small Business,Azerbaijan,Ganja,FUR-2001,Ergonomik ofis kreslosu,Furniture,1783.6,6,0,312.72
ORD-50815,2024-09-28,2024-10-03,Standard Class,C-1003,Aidos Kapanadze,Small Business,Azerbaijan,Ganja,OFF-3001,A4 kağız (5 paçka),Office Supplies,44.32,2,0.05,12.3
ORD-50816,2024-09-28,2024-09-28,Same Day,C-1072,Elnur Demir,Consumer,Turkey,Istanbul,OFF-3004,Arxiv qovluğu,Office Supplies,41.78,6,0,15.69
ORD-50817,2024-09-29,2024-09-29,Same Day,C-1051,Nino Seitkali,Corporate,Kazakhstan,Almaty,TEC-1004,Lenovo ThinkPad E14,Technology,3378.62,3,0,413.16
ORD-50818,2024-09-30,2024-10-07,Standard Class,C-1077,Ruslan Həsənli,Corporate,Azerbaijan,Sumgait,OFF-3001,A4 kağız (5 paçka),Office Supplies,146.88,6,0,47.69
ORD-50819,2024-10-01,2024-10-04,First Class,C-1046,Lalə Nurlanov,Consumer,Azerbaijan,Ganja,TEC-1006,Jabra Evolve2 65,Technology,1482.0,8,0.15,83.17
ORD-50819,2024-10-01,2024-10-02,First Class,C-1046,Lalə Nurlanov,Consumer,Azerbaijan,Ganja,FUR-2002,Hündürlüyü tənzimlənən masa,Furniture,1647.33,3,0,164.95
ORD-50820,2024-10-01,2024-10-04,Second Class,C-1032,Zaur Məmmədli,Corporate,Azerbaijan,Baku,FUR-2001,Ergonomik ofis kreslosu,Furniture,1964.0,7,0,369.5
ORD-50821,2024-10-02,2024-10-04,First Class,C-1024,Bekzod Demir,Consumer,Uzbekistan,Samarkand,TEC-1003,HP LaserJet Pro M404,Technology,651.95,2,0,87.0
ORD-50821,2024-10-02,2024-10-03,First Class,C-1024,Bekzod Demir,Consumer,Uzbekistan,Samarkand,TEC-1003,HP LaserJet Pro M404,Technology,331.5,1,0,47.45
ORD-50822,2024-10-03,2024-10-07,Standard Class,C-1024,Bekzod Demir,Consumer,Uzbekistan,Samarkand,TEC-1001,Logitech MX Master 3S,Technology,1164.09,9,0,266.22
ORD-50823,2024-10-05,2024-10-09,Standard Class,C-1037,Levan Beridze,Consumer,Georgia,Tbilisi,TEC-1004,Lenovo ThinkPad E14,Technology,3465.99,3,0,344.32
ORD-50824,2024-10-06,2024-10-10,Standard Class,C-1085,Lalə Əliyev,Consumer,Azerbaijan,Baku,FUR-2003,Kitab rəfi 5 bölməli,Furniture,655.94,6,0.3,-186.25
ORD-50825,2024-10-07,2024-10-11,Standard Class,C-1075,Can Beridze,Consumer,Kazakhstan,Almaty,TEC-1001,Logitech MX Master 3S,Technology,260.24,2,0,67.75
ORD-50826,2024-10-09,2024-10-09,Same Day,C-1006,Zeynep Həsənli,Consumer,Kazakhstan,Almaty,OFF-3001,A4 kağız (5 paçka),Office Supplies,48.76,2,0,18.27
ORD-50827,2024-10-09,2024-10-10,First Class,C-1099,Giorgi Nurlanov,Corporate,Georgia,Tbilisi,TEC-1002,Dell 27 Monitor P2723,Technology,387.36,1,0,70.94
ORD-50828,2024-10-09,2024-10-09,Same Day,C-1028,Elif Nurlanov,Small Business,Turkey,Istanbul,TEC-1001,Logitech MX Master 3S,Technology,934.07,8,0.1,129.63
ORD-50829,2024-10-10,2024-10-14,Standard Class,C-1051,Nino Seitkali,Corporate,Kazakhstan,Almaty,FUR-2003,Kitab rəfi 5 bölməli,Furniture,1216.34,8,0.05,-22.34
ORD-50829,2024-10-10,2024-10-14,Standard Class,C-1051,Nino Seitkali,Corporate,Kazakhstan,Almaty,OFF-3005,Ağ lövhə 120x90,Office Supplies,283.96,5,0.3,-44.12
ORD-50830,2024-10-10,2024-10-14,Second Class,C-1046,Lalə Nurlanov,Consumer,Azerbaijan,Ganja,TEC-1004,Lenovo ThinkPad E14,Technology,3618.36,4,0.2,-401.13
ORD-50830,2024-10-10,2024-10-14,Second Class,C-1046,Lalə Nurlanov,Consumer,Azerbaijan,Ganja,TEC-1004,Lenovo ThinkPad E14,Technology,792.19,1,0.3,-210.25
ORD-50830,2024-10-10,2024-10-14,Second Class,C-1046,Lalə Nurlanov,Consumer,Azerbaijan,Ganja,TEC-1002,Dell 27 Monitor P2723,Technology,1182.83,3,0,256.19
ORD-50831,2024-10-12,2024-10-19,Standard Class,C-1114,Nino Məmmədli,Consumer,Azerbaijan,Sumgait,OFF-3002,Gel qələm dəsti,Office Supplies,26.96,3,0,12.75
ORD-50832,2024-10-12,2024-10-16,Standard Class,C-1014,Elnur Yılmaz,Consumer,Turkey,Izmir,TEC-1003,HP LaserJet Pro M404,Technology,258.41,1,0.2,-21.93
ORD-50833,2024-10-13,2024-10-16,First Class,C-1049,Dilnoza Kapanadze,Consumer,Turkey,Istanbul,OFF-3001,A4 kağız (5 paçka),Office Supplies,24.5,1,0,9.85
ORD-50833,2024-10-13,2024-10-14,First Class,C-1049,Dilnoza Kapanadze,Consumer,Turkey,Istanbul,TEC-1006,Jabra Evolve2 65,Technology,432.31,2,0,114.62
ORD-50834,2024-10-14,2024-10-20,Standard Class,C-1088,Emin Əliyev,Corporate,Turkey,Izmir,TEC-1005,Samsung T7 SSD 1TB,Technology,765.24,7,0.2,58.42
ORD-50835,2024-10-16,2024-10-18,First Class,C-1054,Zaur Əliyev,Corporate,Kazakhstan,Astana,OFF-3001,A4 kağız (5 paçka),Office Supplies,187.76,11,0.3,-14.21
ORD-50836,2024-10-16,2024-10-18,Second Class,C-1033,Can Məmmədli,Corporate,Turkey,Istanbul,TEC-1002,Dell 27 Monitor P2723,Technology,1108.0,3,0.05,125.59
ORD-50837,2024-10-18,2024-10-23,Standard Class,C-1022,Zaur Quliyeva,Consumer,Turkey,Ankara,TEC-1002,Dell 27 Monitor P2723,Technology,1411.96,4,0.1,37.34
ORD-50838,2024-10-18,2024-10-20,First Class,C-1068,Elnur Abdullayev,Consumer,Georgia,Batumi,FUR-2002,Hündürlüyü tənzimlənən masa,Furniture,885.62,2,0.2,-152.28
ORD-50838,2024-10-18,2024-10-19,First Class,C-1068,Elnur Abdullayev,Consumer,Georgia,Batumi,TEC-1005,Samsung T7 SSD 1TB,Technology,704.76,5,0,195.49
ORD-50839,2024-10-19,2024-10-26,Standard Class,C-1005,Aruzhan Demir,Corporate,Uzbekistan,Tashkent,FUR-2004,Konfrans masası,Furniture,4770.73,6,0.1,-185.74
ORD-50839,2024-10-19,2024-10-23,Standard Class,C-1005,Aruzhan Demir,Corporate,Uzbekistan,Tashkent,TEC-1002,Dell 27 Monitor P2723,Technology,396.21,1,0,59.71
ORD-50839,2024-10-19,2024-10-23,Standard Class,C-1005,Aruzhan Demir,Corporate,Uzbekistan,Tashkent,TEC-1001,Logitech MX Master 3S,Technology,515.38,4,0,149.72
ORD-50840,2024-10-20,2024-10-24,Standard Class,C-1061,Zeynep Həsənli,Corporate,Turkey,Izmir,OFF-3001,A4 kağız (5 paçka),Office Supplies,106.36,5,0.1,21.81
ORD-50841,2024-10-20,2024-10-24,Standard Class,C-1042,Dilnoza Kapanadze,Small Business,Azerbaijan,Sumgait,FUR-2002,Hündürlüyü tənzimlənən masa,Furniture,1315.49,3,0.2,-158.41
ORD-50842,2024-10-22,2024-10-25,First Class,C-1015,Elif Həsənli,Corporate,Azerbaijan,Sumgait,OFF-3001,A4 kağız (5 paçka),Office Supplies,221.94,9,0,79.89
ORD-50843,2024-10-22,2024-10-27,Standard Class,C-1004,Zaur Quliyeva,Small Business,Turkey,Istanbul,TEC-1004,Lenovo ThinkPad E14,Technology,929.53,1,0.2,-149.5
ORD-50844,2024-10-22,2024-10-27,Standard Class,C-1046,Lalə Nurlanov,Consumer,Azerbaijan,Ganja,FUR-2002,Hündürlüyü tənzimlənən masa,Furniture,2184.89,4,0,121.77
ORD-50844,2024-10-22,2024-10-27,Standard Class,C-1046,Lalə Nurlanov,Consumer,Azerbaijan,Ganja,OFF-3005,Ağ lövhə 120x90,Office Supplies,639.02,8,0,113.32
ORD-50845,2024-10-23,2024-10-23,Same Day,C-1052,Zaur Məmmədli,Consumer,Uzbekistan,Tashkent,TEC-1002,Dell 27 Monitor P2723,Technology,1579.67,4,0,239.11
ORD-50846,2024-10-24,2024-10-29,Standard Class,C-1045,Aytən Əliyev,Consumer,Azerbaijan,Ganja,FUR-2003,Kitab rəfi 5 bölməli,Furniture,738.54,5,0.05,19.41
ORD-50846,2024-10-24,2024-10-31,Standard Class,C-1045,Aytən Əliyev,Consumer,Azerbaijan,Ganja,TEC-1005,Samsung T7 SSD 1TB,Technology,1279.72,9,0,375.06
ORD-50846,2024-10-24,2024-10-28,Standard Class,C-1045,Aytən Əliyev,Consumer,Azerbaijan,Ganja,OFF-3004,Arxiv qovluğu,Office Supplies,20.4,3,0,7.26
ORD-50847,2024-10-24,2024-10-31,Standard Class,C-1043,Sevinc Həsənli,Corporate,Azerbaijan,Ganja,FUR-2001,Ergonomik ofis kreslosu,Furniture,2246.25,8,0,360.34
ORD-50848,2024-10-25,2024-10-30,Standard Class,C-1077,Ruslan Həsənli,Corporate,Azerbaijan,Sumgait,OFF-3001,A4 kağız (5 paçka),Office Supplies,172.99,7,0,67.61
ORD-50849,2024-10-25,2024-11-01,Standard Class,C-1001,Bekzod Usmonova,Consumer,Turkey,Izmir,OFF-3002,Gel qələm dəsti,Office Supplies,36.98,4,0,15.75
ORD-50850,2024-10-26,2024-10-30,Second Class,C-1052,Zaur Məmmədli,Consumer,Uzbekistan,Tashkent,OFF-3001,A4 kağız (5 paçka),Office Supplies,219.45,9,0,83.72
ORD-50851,2024-10-26,2024-11-01,Standard Class,C-1004,Zaur Quliyeva,Small Business,Turkey,Istanbul,FUR-2004,Konfrans masası,Furniture,853.1,1,0.05,-35.79
ORD-50851,2024-10-26,2024-10-30,Standard Class,C-1004,Zaur Quliyeva,Small Business,Turkey,Istanbul,OFF-3004,Arxiv qovluğu,Office Supplies,10.94,2,0.2,0.83
ORD-50851,2024-10-26,2024-11-01,Standard Class,C-1004,Zaur Quliyeva,Small Business,Turkey,Istanbul,FUR-2003,Kitab rəfi 5 bölməli,Furniture,228.1,2,0.3,-68.59
ORD-50852,2024-10-27,2024-11-03,Standard Class,C-1032,Zaur Məmmədli,Corporate,Azerbaijan,Baku,FUR-2004,Konfrans masası,Furniture,755.84,1,0.15,-91.34
ORD-50852,2024-10-27,2024-10-31,Standard Class,C-1032,Zaur Məmmədli,Corporate,Azerbaijan,Baku,TEC-1006,Jabra Evolve2 65,Technology,1891.28,10,0.15,164.82
ORD-50853,2024-10-28,2024-10-28,Same Day,C-1043,Sevinc Həsənli,Corporate,Azerbaijan,Ganja,TEC-1005,Samsung T7 SSD 1TB,Technology,1122.09,10,0.2,42.38
ORD-50854,2024-10-29,2024-11-04,Standard Class,C-1023,Aytən Nurlanov,Corporate,Turkey,Izmir,TEC-1003,HP LaserJet Pro M404,Technology,963.68,3,0.05,103.87
ORD-50855,2024-10-30,2024-11-01,Second Class,C-1011,Can Karimov,Consumer,Turkey,Istanbul,FUR-2004,Konfrans masası,Furniture,2661.5,3,0,341.28
ORD-50855,2024-10-30,2024-11-03,Second Class,C-1011,Can Karimov,Consumer,Turkey,Istanbul,TEC-1004,Lenovo ThinkPad E14,Technology,2010.78,2,0.1,0.77
ORD-50856,2024-10-30,2024-11-02,First Class,C-1011,Can Karimov,Consumer,Turkey,Istanbul,TEC-1003,HP LaserJet Pro M404,Technology,1003.49,3,0,167.06
ORD-50856,2024-10-30,2024-10-31,First Class,C-1011,Can Karimov,Consumer,Turkey,Istanbul,OFF-3002,Gel qələm dəsti,Office Supplies,72.86,8,0,29.5
ORD-50857,2024-10-31,2024-11-02,First Class,C-1023,Aytən Nurlanov,Corporate,Turkey,Izmir,OFF-3001,A4 kağız (5 paçka),Office Supplies,162.98,7,0,59.93
ORD-50857,2024-10-31,2024-11-03,First Class,C-1023,Aytən Nurlanov,Corporate,Turkey,Izmir,TEC-1001,Logitech MX Master 3S,Technology,1077.68,9,0.05,218.46
ORD-50858,2024-11-01,2024-11-07,Standard Class,C-1009,Madina Kaya,Small Business,Kazakhstan,Astana,TEC-1006,Jabra Evolve2 65,Technology,528.24,3,0.2,37.44
ORD-50858,2024-11-01,2024-11-08,Standard Class,C-1009,Madina Kaya,Small Business,Kazakhstan,Astana,TEC-1001,Logitech MX Master 3S,Technology,380.06,3,0,113.39
ORD-50859,2024-11-02,2024-11-09,Standard Class,C-1015,Elif Həsənli,Corporate,Azerbaijan,Sumgait,TEC-1003,HP LaserJet Pro M404,Technology,1524.87,5,0.1,104.63
ORD-50860,2024-11-02,2024-11-06,Second Class,C-1006,Zeynep Həsənli,Consumer,Kazakhstan,Almaty,TEC-1002,Dell 27 Monitor P2723,Technology,1579.95,4,0,352.0
ORD-50861,2024-11-02,2024-11-06,Standard Class,C-1046,Lalə Nurlanov,Consumer,Azerbaijan,Ganja,OFF-3003,Stepler və ştapellər,Office Supplies,132.66,9,0,58.55
ORD-50862,2024-11-04,2024-11-07,First Class,C-1041,Lalə Seitkali,Corporate,Azerbaijan,Baku,OFF-3003,Stepler və ştapellər,Office Supplies,32.27,3,0.3,1.91
ORD-50862,2024-11-04,2024-11-06,First Class,C-1041,Lalə Seitkali,Corporate,Azerbaijan,Baku,OFF-3005,Ağ lövhə 120x90,Office Supplies,387.89,7,0.3,-75.46
ORD-50863,2024-11-05,2024-11-10,Standard Class,C-1010,Zaur Karimov,Corporate,Georgia,Tbilisi,TEC-1001,Logitech MX Master 3S,Technology,715.6,6,0.1,128.7
ORD-50863,2024-11-05,2024-11-09,Standard Class,C-1010,Zaur Karimov,Corporate,Georgia,Tbilisi,OFF-3003,Stepler və ştapellər,Office Supplies,64.65,6,0.3,3.9
ORD-50864,2024-11-05,2024-11-09,Second Class,C-1009,Madina Kaya,Small Business,Kazakhstan,Astana,TEC-1005,Samsung T7 SSD 1TB,Technology,539.74,4,0,176.9
ORD-50864,2024-11-05,2024-11-09,Second Class,C-1009,Madina Kaya,Small Business,Kazakhstan,Astana,TEC-1005,Samsung T7 SSD 1TB,Technology,934.07,8,0.15,145.45
ORD-50865,2024-11-07,2024-11-13,Standard Class,C-1058,Madina Demir,Consumer,Turkey,Ankara,TEC-1004,Lenovo ThinkPad E14,Technology,939.82,1,0.2,-133.97
ORD-50866,2024-11-08,2024-11-13,Standard Class,C-1092,Bekzod Demir,Small Business,Uzbekistan,Tashkent,FUR-2002,Hündürlüyü tənzimlənən masa,Furniture,2209.05,4,0,211.71
ORD-50867,2024-11-08,2024-11-15,Standard Class,C-1023,Aytən Nurlanov,Corporate,Turkey,Izmir,OFF-3001,A4 kağız (5 paçka),Office Supplies,171.19,10,0.3,-1.86
ORD-50867,2024-11-08,2024-11-13,Standard Class,C-1023,Aytən Nurlanov,Corporate,Turkey,Izmir,FUR-2004,Konfrans masası,Furniture,4476.42,5,0,361.13
ORD-50868,2024-11-08,2024-11-12,Second Class,C-1086,Levan Yılmaz,Consumer,Uzbekistan,Tashkent,OFF-3001,A4 kağız (5 paçka),Office Supplies,34.6,2,0.3,-0.62
ORD-50869,2024-11-09,2024-11-12,Second Class,C-1113,Levan Usmonova,Consumer,Kazakhstan,Almaty,TEC-1005,Samsung T7 SSD 1TB,Technology,994.5,7,0,306.13
ORD-50869,2024-11-09,2024-11-12,Second Class,C-1113,Levan Usmonova,Consumer,Kazakhstan,Almaty,FUR-2002,Hündürlüyü tənzimlənən masa,Furniture,1334.15,3,0.2,-190.72
ORD-50870,2024-11-09,2024-11-16,Standard Class,C-1087,Zeynep Abdullayev,Consumer,Azerbaijan,Baku,OFF-3005,Ağ lövhə 120x90,Office Supplies,620.14,8,0,144.97
ORD-50870,2024-11-09,2024-11-16,Standard Class,C-1087,Zeynep Abdullayev,Consumer,Azerbaijan,Baku,TEC-1003,HP LaserJet Pro M404,Technology,572.98,2,0.15,-37.63
ORD-50870,2024-11-09,2024-11-13,Standard Class,C-1087,Zeynep Abdullayev,Consumer,Azerbaijan,Baku,TEC-1005,Samsung T7 SSD 1TB,Technology,702.94,5,0,215.95
ORD-50871,2024-11-11,2024-11-17,Standard Class,C-1088,Emin Əliyev,Corporate,Turkey,Izmir,OFF-3004,Arxiv qovluğu,Office Supplies,23.93,4,0.15,4.61
ORD-50872,2024-11-11,2024-11-15,Second Class,C-1086,Levan Yılmaz,Consumer,Uzbekistan,Tashkent,OFF-3002,Gel qələm dəsti,Office Supplies,16.45,2,0.1,5.48
ORD-50873,2024-11-12,2024-11-16,Standard Class,C-1117,Mehmet Məmmədli,Corporate,Georgia,Tbilisi,FUR-2003,Kitab rəfi 5 bölməli,Furniture,465.64,3,0.05,8.81
ORD-50874,2024-11-13,2024-11-20,Standard Class,C-1103,Zeynep Abdullayev,Corporate,Kazakhstan,Astana,TEC-1004,Lenovo ThinkPad E14,Technology,3375.21,3,0,397.67
ORD-50875,2024-11-13,2024-11-15,First Class,C-1040,Kənan Karimov,Consumer,Turkey,Ankara,TEC-1003,HP LaserJet Pro M404,Technology,648.21,2,0,78.64
ORD-50876,2024-11-14,2024-11-17,First Class,C-1088,Emin Əliyev,Corporate,Turkey,Izmir,OFF-3005,Ağ lövhə 120x90,Office Supplies,565.21,10,0.3,-83.54
ORD-50877,2024-11-15,2024-11-22,Standard Class,C-1111,Nurlan Seitkali,Corporate,Azerbaijan,Baku,TEC-1005,Samsung T7 SSD 1TB,Technology,1336.31,11,0.1,213.33
ORD-50877,2024-11-15,2024-11-21,Standard Class,C-1111,Nurlan Seitkali,Corporate,Azerbaijan,Baku,OFF-3005,Ağ lövhə 120x90,Office Supplies,384.34,5,0.05,51.12
ORD-50878,2024-11-15,2024-11-21,Standard Class,C-1027,Dilnoza Seitkali,Corporate,Georgia,Batumi,FUR-2001,Ergonomik ofis kreslosu,Furniture,2470.87,11,0.2,-197.88
ORD-50878,2024-11-15,2024-11-19,Standard Class,C-1027,Dilnoza Seitkali,Corporate,Georgia,Batumi,OFF-3003,Stepler və ştapellər,Office Supplies,87.84,6,0,35.25
ORD-50878,2024-11-15,2024-11-19,Standard Class,C-1027,Dilnoza Seitkali,Corporate,Georgia,Batumi,TEC-1004,Lenovo ThinkPad E14,Technology,2121.43,2,0.1,-36.36
ORD-50879,2024-11-16,2024-11-22,Standard Class,C-1054,Zaur Əliyev,Corporate,Kazakhstan,Astana,TEC-1002,Dell 27 Monitor P2723,Technology,1958.26,5,0,286.43
ORD-50880,2024-11-16,2024-11-19,First Class,C-1065,Aidos Karimov,Consumer,Kazakhstan,Almaty,FUR-2002,Hündürlüyü tənzimlənən masa,Furniture,2148.85,4,0,189.81
ORD-50881,2024-11-16,2024-11-20,Standard Class,C-1088,Emin Əliyev,Corporate,Turkey,Izmir,OFF-3004,Arxiv qovluğu,Office Supplies,42.83,6,0,16.55
ORD-50882,2024-11-17,2024-11-17,Same Day,C-1073,Aidos Nurlanov,Corporate,Turkey,Istanbul,TEC-1004,Lenovo ThinkPad E14,Technology,2289.18,2,0,387.11
ORD-50883,2024-11-17,2024-11-19,First Class,C-1116,Elif Karimov,Consumer,Azerbaijan,Baku,FUR-2002,Hündürlüyü tənzimlənən masa,Furniture,787.91,2,0.3,-228.66
ORD-50883,2024-11-17,2024-11-18,First Class,C-1116,Elif Karimov,Consumer,Azerbaijan,Baku,OFF-3003,Stepler və ştapellər,Office Supplies,106.9,7,0,42.06
ORD-50884,2024-11-18,2024-11-25,Standard Class,C-1107,Aytən Seitkali,Consumer,Azerbaijan,Ganja,OFF-3002,Gel qələm dəsti,Office Supplies,7.38,1,0.2,1.61
ORD-50885,2024-11-18,2024-11-25,Standard Class,C-1025,Zaur Quliyeva,Consumer,Georgia,Batumi,TEC-1002,Dell 27 Monitor P2723,Technology,760.48,2,0,170.4
ORD-50885,2024-11-18,2024-11-22,Standard Class,C-1025,Zaur Quliyeva,Consumer,Georgia,Batumi,TEC-1006,Jabra Evolve2 65,Technology,1739.63,8,0,445.45
ORD-50886,2024-11-19,2024-11-26,Standard Class,C-1004,Zaur Quliyeva,Small Business,Turkey,Istanbul,TEC-1005,Samsung T7 SSD 1TB,Technology,955.62,8,0.15,68.65
ORD-50887,2024-11-20,2024-11-24,Standard Class,C-1117,Mehmet Məmmədli,Corporate,Georgia,Tbilisi,FUR-2001,Ergonomik ofis kreslosu,Furniture,2246.73,8,0.05,187.22
ORD-50887,2024-11-20,2024-11-25,Standard Class,C-1117,Mehmet Məmmədli,Corporate,Georgia,Tbilisi,OFF-3005,Ağ lövhə 120x90,Office Supplies,274.88,4,0.15,6.79
ORD-50887,2024-11-20,2024-11-25,Standard Class,C-1117,Mehmet Məmmədli,Corporate,Georgia,Tbilisi,FUR-2003,Kitab rəfi 5 bölməli,Furniture,941.21,6,0,65.23
ORD-50888,2024-11-20,2024-11-27,Standard Class,C-1086,Levan Yılmaz,Consumer,Uzbekistan,Tashkent,OFF-3004,Arxiv qovluğu,Office Supplies,41.65,6,0,15.84
ORD-50889,2024-11-21,2024-11-24,First Class,C-1079,Aruzhan Beridze,Corporate,Azerbaijan,Baku,OFF-3004,Arxiv qovluğu,Office Supplies,39.43,6,0.05,12.92
ORD-50889,2024-11-21,2024-11-22,First Class,C-1079,Aruzhan Beridze,Corporate,Azerbaijan,Baku,OFF-3003,Stepler və ştapellər,Office Supplies,104.77,10,0.3,6.5
ORD-50890,2024-11-22,2024-11-26,Standard Class,C-1043,Sevinc Həsənli,Corporate,Azerbaijan,Ganja,OFF-3003,Stepler və ştapellər,Office Supplies,167.03,11,0,61.13
ORD-50890,2024-11-22,2024-11-27,Standard Class,C-1043,Sevinc Həsənli,Corporate,Azerbaijan,Ganja,FUR-2001,Ergonomik ofis kreslosu,Furniture,2584.11,9,0,353.5
ORD-50890,2024-11-22,2024-11-28,Standard Class,C-1043,Sevinc Həsənli,Corporate,Azerbaijan,Ganja,OFF-3004,Arxiv qovluğu,Office Supplies,59.39,10,0.15,8.86
ORD-50891,2024-11-22,2024-11-26,Standard Class,C-1106,Levan Əliyev,Consumer,Kazakhstan,Almaty,FUR-2004,Konfrans masası,Furniture,3690.6,4,0,225.39
ORD-50891,2024-11-22,2024-11-26,Standard Class,C-1106,Levan Əliyev,Consumer,Kazakhstan,Almaty,OFF-3004,Arxiv qovluğu,Office Supplies,14.17,2,0,5.14
ORD-50892,2024-11-22,2024-11-29,Standard Class,C-1040,Kənan Karimov,Consumer,Turkey,Ankara,OFF-3004,Arxiv qovluğu,Office Supplies,41.13,6,0,15.13
ORD-50892,2024-11-22,2024-11-27,Standard Class,C-1040,Kənan Karimov,Consumer,Turkey,Ankara,TEC-1002,Dell 27 Monitor P2723,Technology,799.94,2,0,163.28
ORD-50893,2024-11-23,2024-11-27,Standard Class,C-1099,Giorgi Nurlanov,Corporate,Georgia,Tbilisi,TEC-1002,Dell 27 Monitor P2723,Technology,2511.8,7,0.05,277.37
ORD-50893,2024-11-23,2024-11-28,Standard Class,C-1099,Giorgi Nurlanov,Corporate,Georgia,Tbilisi,FUR-2001,Ergonomik ofis kreslosu,Furniture,1705.11,6,0,264.51
ORD-50894,2024-11-23,2024-11-23,Same Day,C-1054,Zaur Əliyev,Corporate,Kazakhstan,Astana,OFF-3001,A4 kağız (5 paçka),Office Supplies,69.48,3,0.05,20.06
ORD-50895,2024-11-23,2024-11-25,Second Class,C-1032,Zaur Məmmədli,Corporate,Azerbaijan,Baku,OFF-3004,Arxiv qovluğu,Office Supplies,41.06,6,0.05,12.04
ORD-50896,2024-11-24,2024-11-29,Standard Class,C-1065,Aidos Karimov,Consumer,Kazakhstan,Almaty,OFF-3005,Ağ lövhə 120x90,Office Supplies,294.75,4,0.05,46.55
ORD-50897,2024-11-25,2024-11-27,First Class,C-1030,Kənan Abdullayev,Consumer,Uzbekistan,Tashkent,TEC-1005,Samsung T7 SSD 1TB,Technology,137.57,1,0,42.38
ORD-50897,2024-11-25,2024-11-28,First Class,C-1030,Kənan Abdullayev,Consumer,Uzbekistan,Tashkent,FUR-2004,Konfrans masası,Furniture,3685.69,4,0,373.19
ORD-50897,2024-11-25,2024-11-26,First Class,C-1030,Kənan Abdullayev,Consumer,Uzbekistan,Tashkent,OFF-3003,Stepler və ştapellər,Office Supplies,75.49,5,0,30.09
ORD-50898,2024-11-25,2024-12-01,Standard Class,C-1072,Elnur Demir,Consumer,Turkey,Istanbul,TEC-1003,HP LaserJet Pro M404,Technology,992.9,3,0,121.55
ORD-50898,2024-11-25,2024-12-01,Standard Class,C-1072,Elnur Demir,Consumer,Turkey,Istanbul,FUR-2003,Kitab rəfi 5 bölməli,Furniture,325.16,2,0,12.23
ORD-50899,2024-11-26,2024-12-03,Standard Class,C-1030,Kənan Abdullayev,Consumer,Uzbekistan,Tashkent,FUR-2004,Konfrans masası,Furniture,835.46,1,0.05,-19.76
ORD-50899,2024-11-26,2024-12-03,Standard Class,C-1030,Kənan Abdullayev,Consumer,Uzbekistan,Tashkent,TEC-1002,Dell 27 Monitor P2723,Technology,1166.36,3,0,241.69
ORD-50900,2024-11-26,2024-12-03,Standard Class,C-1045,Aytən Əliyev,Consumer,Azerbaijan,Ganja,FUR-2004,Konfrans masası,Furniture,923.06,1,0,-20.1
ORD-50901,2024-11-26,2024-12-02,Standard Class,C-1046,Lalə Nurlanov,Consumer,Azerbaijan,Ganja,OFF-3001,A4 kağız (5 paçka),Office Supplies,18.72,1,0.2,1.31
ORD-50901,2024-11-26,2024-12-01,Standard Class,C-1046,Lalə Nurlanov,Consumer,Azerbaijan,Ganja,OFF-3004,Arxiv qovluğu,Office Supplies,34.96,5,0,13.81
ORD-50901,2024-11-26,2024-12-02,Standard Class,C-1046,Lalə Nurlanov,Consumer,Azerbaijan,Ganja,FUR-2002,Hündürlüyü tənzimlənən masa,Furniture,1090.34,2,0,106.04
ORD-50902,2024-11-27,2024-11-28,First Class,C-1023,Aytən Nurlanov,Corporate,Turkey,Izmir,TEC-1002,Dell 27 Monitor P2723,Technology,1175.09,3,0,242.17
ORD-50903,2024-11-27,2024-11-29,First Class,C-1070,Gülnar Karimov,Consumer,Turkey,Istanbul,TEC-1003,HP LaserJet Pro M404,Technology,325.42,1,0,39.76
ORD-50904,2024-11-28,2024-12-02,Standard Class,C-1087,Zeynep Abdullayev,Consumer,Azerbaijan,Baku,TEC-1002,Dell 27 Monitor P2723,Technology,387.75,1,0,66.09
ORD-50905,2024-11-29,2024-12-02,Second Class,C-1084,Emin Nurlanov,Consumer,Uzbekistan,Samarkand,FUR-2003,Kitab rəfi 5 bölməli,Furniture,1416.01,9,0,158.95
ORD-50905,2024-11-29,2024-12-01,Second Class,C-1084,Emin Nurlanov,Consumer,Uzbekistan,Samarkand,FUR-2004,Konfrans masası,Furniture,784.48,1,0.15,-78.03
ORD-50905,2024-11-29,2024-12-02,Second Class,C-1084,Emin Nurlanov,Consumer,Uzbekistan,Samarkand,TEC-1002,Dell 27 Monitor P2723,Technology,386.74,1,0,75.43
ORD-50906,2024-11-29,2024-12-06,Standard Class,C-1040,Kənan Karimov,Consumer,Turkey,Ankara,OFF-3004,Arxiv qovluğu,Office Supplies,59.77,9,0.05,18.45
ORD-50906,2024-11-29,2024-12-03,Standard Class,C-1040,Kənan Karimov,Consumer,Turkey,Ankara,TEC-1002,Dell 27 Monitor P2723,Technology,1179.54,3,0,190.28
ORD-50907,2024-11-30,2024-12-05,Standard Class,C-1061,Zeynep Həsənli,Corporate,Turkey,Izmir,OFF-3003,Stepler və ştapellər,Office Supplies,172.99,12,0.05,51.74
ORD-50908,2024-12-01,2024-12-04,Second Class,C-1077,Ruslan Həsənli,Corporate,Azerbaijan,Sumgait,OFF-3001,A4 kağız (5 paçka),Office Supplies,71.15,3,0,26.75
ORD-50908,2024-12-01,2024-12-05,Second Class,C-1077,Ruslan Həsənli,Corporate,Azerbaijan,Sumgait,FUR-2004,Konfrans masası,Furniture,2620.56,3,0.05,156.36
ORD-50909,2024-12-01,2024-12-07,Standard Class,C-1099,Giorgi Nurlanov,Corporate,Georgia,Tbilisi,OFF-3003,Stepler və ştapellər,Office Supplies,56.77,4,0.05,19.84
ORD-50909,2024-12-01,2024-12-05,Standard Class,C-1099,Giorgi Nurlanov,Corporate,Georgia,Tbilisi,FUR-2004,Konfrans masası,Furniture,3569.21,4,0,307.98
ORD-50910,2024-12-02,2024-12-09,Standard Class,C-1028,Elif Nurlanov,Small Business,Turkey,Istanbul,TEC-1005,Samsung T7 SSD 1TB,Technology,479.69,5,0.3,-46.86
ORD-50910,2024-12-02,2024-12-07,Standard Class,C-1028,Elif Nurlanov,Small Business,Turkey,Istanbul,TEC-1004,Lenovo ThinkPad E14,Technology,2862.99,3,0.15,-260.15
ORD-50910,2024-12-02,2024-12-06,Standard Class,C-1028,Elif Nurlanov,Small Business,Turkey,Istanbul,TEC-1005,Samsung T7 SSD 1TB,Technology,386.4,4,0.3,-31.47
ORD-50911,2024-12-03,2024-12-06,Second Class,C-1030,Kənan Abdullayev,Consumer,Uzbekistan,Tashkent,OFF-3002,Gel qələm dəsti,Office Supplies,45.63,5,0,20.86
ORD-50912,2024-12-03,2024-12-08,Standard Class,C-1079,Aruzhan Beridze,Corporate,Azerbaijan,Baku,OFF-3005,Ağ lövhə 120x90,Office Supplies,279.07,5,0.3,-50.06
ORD-50913,2024-12-04,2024-12-09,Standard Class,C-1015,Elif Həsənli,Corporate,Azerbaijan,Sumgait,FUR-2001,Ergonomik ofis kreslosu,Furniture,2353.05,9,0.1,136.38
ORD-50914,2024-12-04,2024-12-08,Standard Class,C-1027,Dilnoza Seitkali,Corporate,Georgia,Batumi,FUR-2002,Hündürlüyü tənzimlənən masa,Furniture,1329.93,3,0.2,-221.19
ORD-50915,2024-12-05,2024-12-05,Same Day,C-1009,Madina Kaya,Small Business,Kazakhstan,Astana,FUR-2003,Kitab rəfi 5 bölməli,Furniture,784.02,6,0.2,-169.19
ORD-50915,2024-12-05,2024-12-05,Same Day,C-1009,Madina Kaya,Small Business,Kazakhstan,Astana,OFF-3004,Arxiv qovluğu,Office Supplies,11.83,2,0.15,2.04
ORD-50916,2024-12-06,2024-12-10,Standard Class,C-1113,Levan Usmonova,Consumer,Kazakhstan,Almaty,TEC-1005,Samsung T7 SSD 1TB,Technology,572.14,4,0,170.42
ORD-50917,2024-12-07,2024-12-10,First Class,C-1088,Emin Əliyev,Corporate,Turkey,Izmir,TEC-1004,Lenovo ThinkPad E14,Technology,8241.67,7,0,630.63
ORD-50918,2024-12-07,2024-12-14,Standard Class,C-1024,Bekzod Demir,Consumer,Uzbekistan,Samarkand,FUR-2004,Konfrans masası,Furniture,2690.09,3,0,57.34
ORD-50918,2024-12-07,2024-12-14,Standard Class,C-1024,Bekzod Demir,Consumer,Uzbekistan,Samarkand,TEC-1001,Logitech MX Master 3S,Technology,1169.44,9,0,387.28
ORD-50919,2024-12-07,2024-12-09,Second Class,C-1035,Aruzhan Əliyev,Corporate,Azerbaijan,Ganja,TEC-1003,HP LaserJet Pro M404,Technology,803.33,3,0.2,-40.72
ORD-50920,2024-12-08,2024-12-13,Standard Class,C-1087,Zeynep Abdullayev,Consumer,Azerbaijan,Baku,FUR-2001,Ergonomik ofis kreslosu,Furniture,1467.66,5,0,243.94
ORD-50921,2024-12-09,2024-12-11,First Class,C-1118,Kənan Quliyeva,Consumer,Georgia,Batumi,TEC-1001,Logitech MX Master 3S,Technology,456.61,5,0.3,-39.16
ORD-50922,2024-12-09,2024-12-12,Second Class,C-1054,Zaur Əliyev,Corporate,Kazakhstan,Astana,TEC-1006,Jabra Evolve2 65,Technology,1053.43,7,0.3,-102.73
ORD-50923,2024-12-09,2024-12-13,Standard Class,C-1052,Zaur Məmmədli,Consumer,Uzbekistan,Tashkent,TEC-1002,Dell 27 Monitor P2723,Technology,1596.14,4,0,223.59
ORD-50924,2024-12-10,2024-12-12,First Class,C-1009,Madina Kaya,Small Business,Kazakhstan,Astana,FUR-2001,Ergonomik ofis kreslosu,Furniture,1396.72,7,0.3,-367.35
ORD-50925,2024-12-11,2024-12-17,Standard Class,C-1061,Zeynep Həsənli,Corporate,Turkey,Izmir,TEC-1002,Dell 27 Monitor P2723,Technology,1876.66,5,0.05,99.77
ORD-50925,2024-12-11,2024-12-18,Standard Class,C-1061,Zeynep Həsənli,Corporate,Turkey,Izmir,TEC-1002,Dell 27 Monitor P2723,Technology,648.85,2,0.15,15.62
ORD-50926,2024-12-12,2024-12-15,Second Class,C-1046,Lalə Nurlanov,Consumer,Azerbaijan,Ganja,TEC-1001,Logitech MX Master 3S,Technology,127.51,1,0,35.44
ORD-50926,2024-12-12,2024-12-16,Second Class,C-1046,Lalə Nurlanov,Consumer,Azerbaijan,Ganja,OFF-3004,Arxiv qovluğu,Office Supplies,50.18,7,0,19.09
ORD-50926,2024-12-12,2024-12-16,Second Class,C-1046,Lalə Nurlanov,Consumer,Azerbaijan,Ganja,OFF-3001,A4 kağız (5 paçka),Office Supplies,132.25,6,0.1,31.76
ORD-50927,2024-12-12,2024-12-12,Same Day,C-1114,Nino Məmmədli,Consumer,Azerbaijan,Sumgait,OFF-3003,Stepler və ştapellər,Office Supplies,29.5,2,0,10.61
ORD-50927,2024-12-12,2024-12-12,Same Day,C-1114,Nino Məmmədli,Consumer,Azerbaijan,Sumgait,TEC-1002,Dell 27 Monitor P2723,Technology,396.51,1,0,69.34
ORD-50928,2024-12-14,2024-12-15,First Class,C-1021,Can Əliyev,Corporate,Turkey,Ankara,FUR-2002,Hündürlüyü tənzimlənən masa,Furniture,2092.33,4,0.05,60.05
ORD-50929,2024-12-14,2024-12-16,Second Class,C-1041,Lalə Seitkali,Corporate,Azerbaijan,Baku,OFF-3003,Stepler və ştapellər,Office Supplies,130.88,10,0.15,28.67
ORD-50929,2024-12-14,2024-12-17,Second Class,C-1041,Lalə Seitkali,Corporate,Azerbaijan,Baku,TEC-1002,Dell 27 Monitor P2723,Technology,1356.18,4,0.15,25.02
ORD-50930,2024-12-15,2024-12-19,Standard Class,C-1069,Mehmet Məmmədli,Consumer,Azerbaijan,Ganja,OFF-3005,Ağ lövhə 120x90,Office Supplies,701.72,9,0,98.31
ORD-50931,2024-12-15,2024-12-15,Same Day,C-1072,Elnur Demir,Consumer,Turkey,Istanbul,OFF-3002,Gel qələm dəsti,Office Supplies,9.19,1,0,4.26
ORD-50931,2024-12-15,2024-12-15,Same Day,C-1072,Elnur Demir,Consumer,Turkey,Istanbul,OFF-3004,Arxiv qovluğu,Office Supplies,7.05,1,0,2.34
ORD-50931,2024-12-15,2024-12-15,Same Day,C-1072,Elnur Demir,Consumer,Turkey,Istanbul,FUR-2003,Kitab rəfi 5 bölməli,Furniture,1284.56,8,0,121.77
ORD-50932,2024-12-16,2024-12-22,Standard Class,C-1080,Sevinc Kaya,Consumer,Azerbaijan,Sumgait,FUR-2001,Ergonomik ofis kreslosu,Furniture,1680.54,7,0.15,-17.46
ORD-50932,2024-12-16,2024-12-20,Standard Class,C-1080,Sevinc Kaya,Consumer,Azerbaijan,Sumgait,FUR-2004,Konfrans masası,Furniture,1768.19,2,0,92.09
ORD-50932,2024-12-16,2024-12-22,Standard Class,C-1080,Sevinc Kaya,Consumer,Azerbaijan,Sumgait,FUR-2004,Konfrans masası,Furniture,891.19,1,0,111.33
ORD-50933,2024-12-16,2024-12-16,Same Day,C-1018,Nino Abdullayev,Small Business,Turkey,Izmir,OFF-3001,A4 kağız (5 paçka),Office Supplies,24.31,1,0,9.57
ORD-50934,2024-12-16,2024-12-22,Standard Class,C-1061,Zeynep Həsənli,Corporate,Turkey,Izmir,TEC-1002,Dell 27 Monitor P2723,Technology,1089.32,4,0.3,-220.33
ORD-50935,2024-12-17,2024-12-19,Second Class,C-1014,Elnur Yılmaz,Consumer,Turkey,Izmir,FUR-2001,Ergonomik ofis kreslosu,Furniture,869.05,3,0,108.54
ORD-50936,2024-12-17,2024-12-20,First Class,C-1062,Dilnoza Usmonova,Corporate,Uzbekistan,Samarkand,FUR-2004,Konfrans masası,Furniture,3222.17,4,0.1,-349.68
ORD-50937,2024-12-17,2024-12-21,Standard Class,C-1078,Madina Məmmədli,Consumer,Turkey,Ankara,TEC-1003,HP LaserJet Pro M404,Technology,1320.72,4,0,193.34
ORD-50937,2024-12-17,2024-12-23,Standard Class,C-1078,Madina Məmmədli,Consumer,Turkey,Ankara,FUR-2004,Konfrans masası,Furniture,907.4,1,0,10.15
ORD-50938,2024-12-18,2024-12-22,Standard Class,C-1043,Sevinc Həsənli,Corporate,Azerbaijan,Ganja,TEC-1006,Jabra Evolve2 65,Technology,1348.8,7,0.1,210.22
ORD-50939,2024-12-18,2024-12-24,Standard Class,C-1080,Sevinc Kaya,Consumer,Azerbaijan,Sumgait,OFF-3003,Stepler və ştapellər,Office Supplies,87.87,6,0,34.36
ORD-50939,2024-12-18,2024-12-25,Standard Class,C-1080,Sevinc Kaya,Consumer,Azerbaijan,Sumgait,OFF-3001,A4 kağız (5 paçka),Office Supplies,194.71,8,0,79.15
ORD-50939,2024-12-18,2024-12-23,Standard Class,C-1080,Sevinc Kaya,Consumer,Azerbaijan,Sumgait,TEC-1003,HP LaserJet Pro M404,Technology,1295.14,4,0,201.66
ORD-50940,2024-12-18,2024-12-18,Same Day,C-1111,Nurlan Seitkali,Corporate,Azerbaijan,Baku,TEC-1003,HP LaserJet Pro M404,Technology,1349.64,5,0.2,-159.06
ORD-50940,2024-12-18,2024-12-18,Same Day,C-1111,Nurlan Seitkali,Corporate,Azerbaijan,Baku,FUR-2002,Hündürlüyü tənzimlənən masa,Furniture,2600.36,5,0.05,106.43
ORD-50941,2024-12-19,2024-12-26,Standard Class,C-1061,Zeynep Həsənli,Corporate,Turkey,Izmir,FUR-2004,Konfrans masası,Furniture,3188.98,5,0.3,-849.26
ORD-50942,2024-12-19,2024-12-22,Second Class,C-1028,Elif Nurlanov,Small Business,Turkey,Istanbul,OFF-3001,A4 kağız (5 paçka),Office Supplies,150.41,8,0.2,18.14
ORD-50942,2024-12-19,2024-12-22,Second Class,C-1028,Elif Nurlanov,Small Business,Turkey,Istanbul,TEC-1003,HP LaserJet Pro M404,Technology,889.57,3,0.1,-0.83
ORD-50942,2024-12-19,2024-12-22,Second Class,C-1028,Elif Nurlanov,Small Business,Turkey,Istanbul,OFF-3003,Stepler və ştapellər,Office Supplies,94.32,7,0.1,20.45
ORD-50943,2024-12-19,2024-12-22,Second Class,C-1104,Aidos Abdullayev,Small Business,Turkey,Ankara,TEC-1005,Samsung T7 SSD 1TB,Technology,329.24,3,0.2,7.69
ORD-50943,2024-12-19,2024-12-21,Second Class,C-1104,Aidos Abdullayev,Small Business,Turkey,Ankara,OFF-3005,Ağ lövhə 120x90,Office Supplies,668.33,9,0.05,116.28
ORD-50943,2024-12-19,2024-12-23,Second Class,C-1104,Aidos Abdullayev,Small Business,Turkey,Ankara,OFF-3004,Arxiv qovluğu,Office Supplies,27.57,4,0,9.68
ORD-50944,2024-12-19,2024-12-22,Second Class,C-1014,Elnur Yılmaz,Consumer,Turkey,Izmir,OFF-3005,Ağ lövhə 120x90,Office Supplies,320.61,4,0,89.12
ORD-50944,2024-12-19,2024-12-23,Second Class,C-1014,Elnur Yılmaz,Consumer,Turkey,Izmir,TEC-1003,HP LaserJet Pro M404,Technology,1013.31,3,0,184.45
ORD-50944,2024-12-19,2024-12-22,Second Class,C-1014,Elnur Yılmaz,Consumer,Turkey,Izmir,FUR-2002,Hündürlüyü tənzimlənən masa,Furniture,767.34,2,0.3,-265.62
ORD-50945,2024-12-20,2024-12-26,Standard Class,C-1005,Aruzhan Demir,Corporate,Uzbekistan,Tashkent,FUR-2004,Konfrans masası,Furniture,3339.41,4,0.05,79.83
ORD-50946,2024-12-20,2024-12-20,Same Day,C-1008,Elnur Kaya,Consumer,Turkey,Izmir,FUR-2004,Konfrans masası,Furniture,924.87,1,0,55.1
ORD-50947,2024-12-21,2024-12-23,First Class,C-1013,Nurlan Karimov,Consumer,Uzbekistan,Samarkand,TEC-1003,HP LaserJet Pro M404,Technology,617.0,2,0.05,26.89
ORD-50948,2024-12-22,2024-12-27,Standard Class,C-1027,Dilnoza Seitkali,Corporate,Georgia,Batumi,FUR-2001,Ergonomik ofis kreslosu,Furniture,293.05,1,0,71.44
ORD-50949,2024-12-22,2024-12-29,Standard Class,C-1115,Zaur Məmmədli,Consumer,Azerbaijan,Baku,OFF-3001,A4 kağız (5 paçka),Office Supplies,72.8,3,0,27.33
ORD-50950,2024-12-22,2024-12-29,Standard Class,C-1099,Giorgi Nurlanov,Corporate,Georgia,Tbilisi,TEC-1002,Dell 27 Monitor P2723,Technology,2033.64,6,0.15,-59.62
ORD-50951,2024-12-24,2024-12-28,Standard Class,C-1021,Can Əliyev,Corporate,Turkey,Ankara,FUR-2001,Ergonomik ofis kreslosu,Furniture,2657.14,9,0,462.75
ORD-50951,2024-12-24,2024-12-31,Standard Class,C-1021,Can Əliyev,Corporate,Turkey,Ankara,FUR-2001,Ergonomik ofis kreslosu,Furniture,1216.54,5,0.15,-25.16
ORD-50952,2024-12-25,2024-12-25,Same Day,C-1066,Zaur Demir,Small Business,Azerbaijan,Baku,TEC-1005,Samsung T7 SSD 1TB,Technology,140.34,1,0,47.0
ORD-50953,2024-12-25,2024-12-28,Second Class,C-1008,Elnur Kaya,Consumer,Turkey,Izmir,TEC-1002,Dell 27 Monitor P2723,Technology,768.11,2,0,135.79
ORD-50954,2024-12-26,2025-01-01,Standard Class,C-1051,Nino Seitkali,Corporate,Kazakhstan,Almaty,FUR-2004,Konfrans masası,Furniture,2364.66,3,0.1,-102.21
ORD-50955,2024-12-26,2024-12-29,Second Class,C-1024,Bekzod Demir,Consumer,Uzbekistan,Samarkand,TEC-1006,Jabra Evolve2 65,Technology,1283.87,7,0.15,24.85
ORD-50956,2024-12-27,2025-01-02,Standard Class,C-1087,Zeynep Abdullayev,Consumer,Azerbaijan,Baku,TEC-1004,Lenovo ThinkPad E14,Technology,4585.33,4,0,428.2
ORD-50956,2024-12-27,2025-01-01,Standard Class,C-1087,Zeynep Abdullayev,Consumer,Azerbaijan,Baku,TEC-1001,Logitech MX Master 3S,Technology,386.04,3,0,106.83
ORD-50957,2024-12-27,2024-12-31,Second Class,C-1065,Aidos Karimov,Consumer,Kazakhstan,Almaty,FUR-2003,Kitab rəfi 5 bölməli,Furniture,157.4,1,0,9.83
ORD-50957,2024-12-27,2024-12-29,Second Class,C-1065,Aidos Karimov,Consumer,Kazakhstan,Almaty,FUR-2003,Kitab rəfi 5 bölməli,Furniture,1433.85,9,0,34.54
ORD-50957,2024-12-27,2024-12-29,Second Class,C-1065,Aidos Karimov,Consumer,Kazakhstan,Almaty,TEC-1005,Samsung T7 SSD 1TB,Technology,814.7,6,0,216.04
ORD-50958,2024-12-28,2025-01-02,Standard Class,C-1099,Giorgi Nurlanov,Corporate,Georgia,Tbilisi,FUR-2002,Hündürlüyü tənzimlənən masa,Furniture,2020.5,4,0.1,-12.92
ORD-50958,2024-12-28,2025-01-04,Standard Class,C-1099,Giorgi Nurlanov,Corporate,Georgia,Tbilisi,OFF-3005,Ağ lövhə 120x90,Office Supplies,425.31,6,0.1,27.01
ORD-50959,2024-12-29,2025-01-04,Standard Class,C-1078,Madina Məmmədli,Consumer,Turkey,Ankara,TEC-1002,Dell 27 Monitor P2723,Technology,773.11,2,0,124.1
ORD-50959,2024-12-29,2025-01-02,Standard Class,C-1078,Madina Məmmədli,Consumer,Turkey,Ankara,OFF-3003,Stepler və ştapellər,Office Supplies,13.82,1,0.1,3.85
ORD-50960,2024-12-30,2024-12-31,First Class,C-1072,Elnur Demir,Consumer,Turkey,Istanbul,OFF-3003,Stepler və ştapellər,Office Supplies,101.27,7,0.05,39.33
ORD-50960,2024-12-30,2025-01-01,First Class,C-1072,Elnur Demir,Consumer,Turkey,Istanbul,FUR-2001,Ergonomik ofis kreslosu,Furniture,2361.33,8,0,336.79
ORD-50960,2024-12-30,2025-01-01,First Class,C-1072,Elnur Demir,Consumer,Turkey,Istanbul,OFF-3005,Ağ lövhə 120x90,Office Supplies,80.1,1,0,20.26
